{
  "associatedLayout": "Scene 1",
  "lastChangeTimeStamp": 0,
  "name": "Camera",
  "events": [
    {
      "type": "BuiltinCommonInstructions::Standard",
      "conditions": [],
      "actions": [
        {
          "type": {
            "value": "SetCameraCenterX"
          },
          "parameters": [
            "",
            "=",
            "lerp(CameraX(), Human.X(), 0.1)",
            "",
            ""
          ]
        },
        {
          "type": {
            "value": "SetCameraCenterY"
          },
          "parameters": [
            "",
            "=",
            "lerp(CameraY(), Human.Y() - 60, 0.05)",
            "",
            ""
          ]
        }
      ]
    },
    {
      "type": "BuiltinCommonInstructions::Standard",
      "conditions": [],
      "actions": []
    }
  ]
}