{
  "associatedLayout": "Scene 1-b",
  "lastChangeTimeStamp": 0,
  "name": "Health",
  "events": [
    {
      "colorB": 228,
      "colorG": 176,
      "colorR": 74,
      "creationTime": 0,
      "name": "Health",
      "source": "",
      "type": "BuiltinCommonInstructions::Group",
      "events": [
        {
          "type": "BuiltinCommonInstructions::Standard",
          "conditions": [],
          "actions": [
            {
              "type": {
                "value": "TiledSpriteObject::Height"
              },
              "parameters": [
                "Health",
                "=",
                "192 * (GlobalVariable(Health) / 100)"
              ]
            }
          ]
        },
        {
          "type": "BuiltinCommonInstructions::Standard",
          "conditions": [],
          "actions": []
        },
        {
          "type": "BuiltinCommonInstructions::Standard",
          "conditions": [
            {
              "type": {
                "value": "VarGlobal"
              },
              "parameters": [
                "Health",
                "=",
                "0"
              ]
            }
          ],
          "actions": [
            {
              "type": {
                "value": "ModVarScene"
              },
              "parameters": [
                "quick",
                "=",
                "0"
              ]
            },
            {
              "type": {
                "value": "Scene"
              },
              "parameters": [
                "",
                "\"Scene 1-b\"",
                "yes"
              ]
            },
            {
              "type": {
                "value": "ModVarGlobal"
              },
              "parameters": [
                "Health",
                "=",
                "100"
              ]
            }
          ]
        }
      ],
      "parameters": []
    },
    {
      "type": "BuiltinCommonInstructions::Standard",
      "conditions": [],
      "actions": []
    }
  ]
}