{
  "b": 209,
  "disableInputWhenNotFocused": true,
  "mangledName": "Beginning_32Video",
  "name": "Beginning Video",
  "r": 209,
  "standardSortMethod": true,
  "stopSoundsOnStartup": true,
  "title": "",
  "v": 209,
  "uiSettings": {
    "grid": false,
    "gridType": "rectangular",
    "gridWidth": 32,
    "gridHeight": 32,
    "gridOffsetX": 0,
    "gridOffsetY": 0,
    "gridColor": 10401023,
    "gridAlpha": 0.8,
    "snap": false,
    "zoomFactor": 0.3645833333333333,
    "windowMask": false
  },
  "objectsGroups": [],
  "variables": [],
  "instances": [
    {
      "angle": 0,
      "customSize": false,
      "height": 0,
      "layer": "",
      "name": "Skip",
      "persistentUuid": "f3ca5dbf-4776-4dae-8646-22c271025859",
      "width": 0,
      "x": 1579,
      "y": 989,
      "zOrder": 1,
      "numberProperties": [],
      "stringProperties": [],
      "initialVariables": []
    }
  ],
  "objects": [
    {
      "assetStoreId": "",
      "bold": true,
      "italic": false,
      "name": "Skip",
      "smoothed": true,
      "tags": "",
      "type": "TextObject::Text",
      "underlined": false,
      "variables": [],
      "effects": [],
      "behaviors": [
        {
          "name": "Text_AutoTyping",
          "type": "AutoTyping::Text_AutoTyping",
          "Interval": 0.05,
          "CharacterJustAdded": false,
          "CurrentCharacter": ""
        }
      ],
      "string": "Press any key to skip",
      "font": "",
      "textAlignment": "left",
      "characterSize": 20,
      "color": {
        "b": 0,
        "g": 0,
        "r": 0
      }
    }
  ],
  "events": [
    {
      "type": "BuiltinCommonInstructions::Standard",
      "conditions": [
        {
          "type": {
            "value": "DepartScene"
          },
          "parameters": [
            ""
          ]
        }
      ],
      "actions": [
        {
          "type": {
            "value": "Video::Play"
          },
          "parameters": [
            ""
          ]
        },
        {
          "type": {
            "value": "Cache"
          },
          "parameters": [
            "Skip"
          ]
        },
        {
          "type": {
            "value": "AutoTyping::Text_AutoTyping::Pause"
          },
          "parameters": [
            "Skip",
            "Text_AutoTyping",
            ""
          ]
        }
      ]
    },
    {
      "type": "BuiltinCommonInstructions::Standard",
      "conditions": [
        {
          "type": {
            "value": "Video::Ended"
          },
          "parameters": [
            ""
          ]
        }
      ],
      "actions": [
        {
          "type": {
            "value": "Scene"
          },
          "parameters": [
            "",
            "\"Training\"",
            ""
          ]
        }
      ]
    },
    {
      "type": "BuiltinCommonInstructions::Standard",
      "conditions": [
        {
          "type": {
            "value": "CompareTimer"
          },
          "parameters": [
            "",
            "",
            ">=",
            ""
          ]
        },
        {
          "type": {
            "value": "AnyKeyPressed"
          },
          "parameters": [
            ""
          ]
        }
      ],
      "actions": [
        {
          "type": {
            "value": "Scene"
          },
          "parameters": [
            "",
            "\"Training\"",
            ""
          ]
        }
      ]
    },
    {
      "type": "BuiltinCommonInstructions::Standard",
      "conditions": [
        {
          "type": {
            "value": "CompareTimer"
          },
          "parameters": [
            "",
            "",
            ">=",
            ""
          ]
        }
      ],
      "actions": [
        {
          "type": {
            "value": "Montre"
          },
          "parameters": [
            "Skip",
            ""
          ]
        },
        {
          "type": {
            "value": "AutoTyping::Text_AutoTyping::Resume"
          },
          "parameters": [
            "Skip",
            "Text_AutoTyping",
            ""
          ]
        }
      ]
    }
  ],
  "layers": [
    {
      "ambientLightColorB": 200,
      "ambientLightColorG": 200,
      "ambientLightColorR": 200,
      "camera3DFarPlaneDistance": 10000,
      "camera3DFieldOfView": 45,
      "camera3DNearPlaneDistance": 0.1,
      "followBaseLayerCamera": false,
      "isLightingLayer": false,
      "isLocked": false,
      "name": "",
      "renderingType": "",
      "visibility": true,
      "cameras": [
        {
          "defaultSize": true,
          "defaultViewport": true,
          "height": 0,
          "viewportBottom": 1,
          "viewportLeft": 0,
          "viewportRight": 1,
          "viewportTop": 0,
          "width": 0
        }
      ],
      "effects": []
    }
  ],
  "behaviorsSharedData": [
    {
      "name": "Text_AutoTyping",
      "type": "AutoTyping::Text_AutoTyping"
    }
  ]
}