{
  "b": 0,
  "disableInputWhenNotFocused": true,
  "mangledName": "Game_32Over",
  "name": "Game Over",
  "r": 0,
  "standardSortMethod": true,
  "stopSoundsOnStartup": true,
  "title": "",
  "v": 0,
  "uiSettings": {
    "grid": false,
    "gridType": "rectangular",
    "gridWidth": 32,
    "gridHeight": 32,
    "gridOffsetX": 0,
    "gridOffsetY": 0,
    "gridColor": 10401023,
    "gridAlpha": 0.8,
    "snap": false,
    "zoomFactor": 0.3645833333333333,
    "windowMask": false
  },
  "objectsGroups": [],
  "variables": [],
  "instances": [
    {
      "angle": 0,
      "customSize": true,
      "depth": 1,
      "height": 865,
      "layer": "",
      "name": "Game_over",
      "persistentUuid": "f61066ca-9147-402d-88eb-e645d4842cbe",
      "width": 1395,
      "x": 273,
      "y": 92,
      "zOrder": 1,
      "numberProperties": [],
      "stringProperties": [],
      "initialVariables": []
    },
    {
      "angle": 0,
      "customSize": true,
      "depth": 32,
      "height": 75,
      "layer": "",
      "name": "Retry",
      "persistentUuid": "9c713846-13e2-4577-9ce6-0eeaf39acdde",
      "width": 222,
      "x": 834,
      "y": 989,
      "zOrder": 2,
      "numberProperties": [],
      "stringProperties": [],
      "initialVariables": []
    }
  ],
  "objects": [
    {
      "adaptCollisionMaskAutomatically": true,
      "assetStoreId": "",
      "name": "Game_over",
      "type": "Sprite",
      "updateIfNotVisible": false,
      "variables": [],
      "effects": [],
      "behaviors": [],
      "animations": [
        {
          "name": "Game Over",
          "useMultipleDirections": false,
          "directions": [
            {
              "looping": true,
              "timeBetweenFrames": 0.4,
              "sprites": [
                {
                  "hasCustomCollisionMask": true,
                  "image": "assets\\GameOver136.png",
                  "points": [],
                  "originPoint": {
                    "name": "origine",
                    "x": 0,
                    "y": 0
                  },
                  "centerPoint": {
                    "automatic": true,
                    "name": "centre",
                    "x": 0,
                    "y": 0
                  },
                  "customCollisionMask": [
                    [
                      {
                        "x": 0,
                        "y": 0
                      },
                      {
                        "x": 350,
                        "y": 0
                      },
                      {
                        "x": 350,
                        "y": 350
                      },
                      {
                        "x": 0,
                        "y": 350
                      }
                    ]
                  ]
                },
                {
                  "hasCustomCollisionMask": true,
                  "image": "assets\\GameOver135.png",
                  "points": [],
                  "originPoint": {
                    "name": "origine",
                    "x": 0,
                    "y": 0
                  },
                  "centerPoint": {
                    "automatic": true,
                    "name": "centre",
                    "x": 0,
                    "y": 0
                  },
                  "customCollisionMask": [
                    [
                      {
                        "x": 0,
                        "y": 0
                      },
                      {
                        "x": 350,
                        "y": 0
                      },
                      {
                        "x": 350,
                        "y": 350
                      },
                      {
                        "x": 0,
                        "y": 350
                      }
                    ]
                  ]
                }
              ]
            }
          ]
        }
      ]
    },
    {
      "assetStoreId": "f0c3d7ae6099e3b9b8beed4e30b555107550b4fb2a5879e984a014b1e06865bf",
      "name": "Retry",
      "type": "PanelSpriteButton::PanelSpriteButton",
      "variables": [],
      "effects": [],
      "behaviors": [],
      "content": {
        "LeftPadding": 0,
        "RightPadding": 0,
        "PressedLabelOffsetY": 4,
        "BottomPadding": 6,
        "TopPadding": 0,
        "HoveredFadeOutDuration": 0
      },
      "childrenContent": {
        "Hovered": {
          "bottomMargin": 10,
          "height": 64,
          "leftMargin": 6,
          "rightMargin": 6,
          "texture": "Transparent Button With White Blue Border_Hovered.png",
          "tiled": false,
          "topMargin": 10,
          "width": 192
        },
        "Idle": {
          "bottomMargin": 10,
          "height": 64,
          "leftMargin": 6,
          "rightMargin": 6,
          "texture": "Transparent Button With White Blue Border_Idle.png",
          "tiled": false,
          "topMargin": 10,
          "width": 192
        },
        "Label": {
          "bold": false,
          "italic": false,
          "smoothed": true,
          "underlined": false,
          "string": "\nRETRY",
          "font": "FiveFontsatFreddy's-Regular.ttf",
          "textAlignment": "center",
          "characterSize": 45,
          "color": {
            "b": 255,
            "g": 255,
            "r": 255
          }
        },
        "Pressed": {
          "bottomMargin": 10,
          "height": 64,
          "leftMargin": 6,
          "rightMargin": 6,
          "texture": "Transparent Button With White Blue Border_Pressed.png",
          "tiled": false,
          "topMargin": 10,
          "width": 192
        }
      }
    }
  ],
  "objectsFolderStructure": {
    "folderName": "__ROOT",
    "children": [
      {
        "objectName": "Game_over"
      },
      {
        "objectName": "Retry"
      }
    ]
  },
  "events": [
    {
      "type": "BuiltinCommonInstructions::Standard",
      "conditions": [
        {
          "type": {
            "value": "DepartScene"
          },
          "parameters": [
            ""
          ]
        }
      ],
      "actions": [
        {
          "type": {
            "value": "Cache"
          },
          "parameters": [
            "Retry"
          ]
        }
      ]
    },
    {
      "type": "BuiltinCommonInstructions::Standard",
      "conditions": [],
      "actions": [
        {
          "type": {
            "value": "Wait"
          },
          "parameters": [
            "5"
          ]
        },
        {
          "type": {
            "value": "Montre"
          },
          "parameters": [
            "Retry",
            ""
          ]
        }
      ]
    },
    {
      "type": "BuiltinCommonInstructions::Standard",
      "conditions": [
        {
          "type": {
            "value": "PanelSpriteButton::PanelSpriteButton::IsClicked"
          },
          "parameters": [
            "Retry",
            ""
          ]
        }
      ],
      "actions": [
        {
          "type": {
            "value": "Scene"
          },
          "parameters": [
            "",
            "\"Loading Screen\"",
            ""
          ]
        }
      ]
    }
  ],
  "layers": [
    {
      "ambientLightColorB": 200,
      "ambientLightColorG": 200,
      "ambientLightColorR": 200,
      "camera3DFarPlaneDistance": 10000,
      "camera3DFieldOfView": 45,
      "camera3DNearPlaneDistance": 0.1,
      "followBaseLayerCamera": false,
      "isLightingLayer": false,
      "isLocked": false,
      "name": "",
      "renderingType": "",
      "visibility": true,
      "cameras": [
        {
          "defaultSize": true,
          "defaultViewport": true,
          "height": 0,
          "viewportBottom": 1,
          "viewportLeft": 0,
          "viewportRight": 1,
          "viewportTop": 0,
          "width": 0
        }
      ],
      "effects": [
        {
          "effectType": "Scene3D::HemisphereLight",
          "name": "3D Light",
          "doubleParameters": {
            "elevation": 45,
            "intensity": 1,
            "rotation": 0
          },
          "stringParameters": {
            "groundColor": "64;64;64",
            "skyColor": "255;255;255",
            "top": "Y-"
          },
          "booleanParameters": {}
        }
      ]
    }
  ],
  "behaviorsSharedData": [
    {
      "name": "Animation",
      "type": "AnimatableCapability::AnimatableBehavior"
    },
    {
      "name": "Effect",
      "type": "EffectCapability::EffectBehavior"
    },
    {
      "name": "FireBullet",
      "type": "FireBullet::FireBullet"
    },
    {
      "name": "Flippable",
      "type": "FlippableCapability::FlippableBehavior"
    },
    {
      "name": "Health",
      "type": "Health::Health"
    },
    {
      "name": "Opacity",
      "type": "OpacityCapability::OpacityBehavior"
    },
    {
      "name": "PathfindingObstacle",
      "type": "PathfindingBehavior::PathfindingObstacleBehavior"
    },
    {
      "name": "Platform",
      "type": "PlatformBehavior::PlatformBehavior"
    },
    {
      "name": "PlatformerObject",
      "type": "PlatformBehavior::PlatformerObjectBehavior"
    },
    {
      "name": "RemapForPlatformer",
      "type": "BehaviorRemapper::RemapForPlatformer"
    },
    {
      "name": "Resizable",
      "type": "ResizableCapability::ResizableBehavior"
    },
    {
      "name": "Scale",
      "type": "ScalableCapability::ScalableBehavior"
    },
    {
      "name": "Text",
      "type": "TextContainerCapability::TextContainerBehavior"
    },
    {
      "name": "ThreeDFlip",
      "type": "ThreeDFlip::ThreeDFlip"
    }
  ]
}