{
  "b": 50,
  "disableInputWhenNotFocused": true,
  "mangledName": "Intro",
  "name": "Intro",
  "r": 50,
  "standardSortMethod": true,
  "stopSoundsOnStartup": true,
  "title": "",
  "v": 51,
  "uiSettings": {
    "grid": true,
    "gridType": "rectangular",
    "gridWidth": 32,
    "gridHeight": 32,
    "gridOffsetX": 0,
    "gridOffsetY": 0,
    "gridColor": 10401023,
    "gridAlpha": 0.8,
    "snap": true,
    "zoomFactor": 0.2636457673770843,
    "windowMask": false
  },
  "objectsGroups": [
    {
      "name": "Characters",
      "objects": []
    }
  ],
  "variables": [],
  "instances": [
    {
      "angle": 90,
      "customSize": true,
      "depth": 1,
      "height": 13568,
      "layer": "",
      "name": "Invis_Block",
      "persistentUuid": "bafeccdd-1297-432c-acc0-e14673240c4c",
      "width": 64,
      "x": 5344,
      "y": -5344,
      "zOrder": 1,
      "numberProperties": [],
      "stringProperties": [],
      "initialVariables": []
    },
    {
      "angle": 0,
      "customSize": true,
      "depth": 1,
      "height": 1184,
      "layer": "",
      "name": "Invis_Block",
      "persistentUuid": "ed72309a-3f04-48c4-838e-af2c45ea19bf",
      "width": 64,
      "x": -1408,
      "y": 288,
      "zOrder": 1,
      "numberProperties": [],
      "stringProperties": [],
      "initialVariables": []
    },
    {
      "angle": 0,
      "customSize": false,
      "height": 0,
      "layer": "",
      "name": "NewText",
      "persistentUuid": "8e1fa597-4530-4891-adf2-a22e34b8a37f",
      "width": 0,
      "x": 4864,
      "y": -256,
      "zOrder": 4,
      "numberProperties": [],
      "stringProperties": [],
      "initialVariables": []
    },
    {
      "angle": 0,
      "customSize": false,
      "height": 0,
      "layer": "",
      "name": "Trees",
      "persistentUuid": "812becd9-aa90-4036-b9bd-a66a839e7aa8",
      "width": 0,
      "x": 4736,
      "y": -64,
      "zOrder": 12,
      "numberProperties": [],
      "stringProperties": [],
      "initialVariables": []
    },
    {
      "angle": 0,
      "customSize": false,
      "height": 0,
      "layer": "",
      "name": "Shooting_range",
      "persistentUuid": "1381435a-bea1-4468-a8c3-654c4e2cae71",
      "width": 0,
      "x": 9856,
      "y": 896,
      "zOrder": 14,
      "numberProperties": [],
      "stringProperties": [],
      "initialVariables": []
    },
    {
      "angle": 0,
      "customSize": true,
      "depth": 0,
      "height": 94,
      "layer": "",
      "name": "Human",
      "persistentUuid": "374d5c0a-2c50-466f-b302-aa07825cc645",
      "width": 96,
      "x": -960,
      "y": 1216,
      "zOrder": 100000,
      "numberProperties": [],
      "stringProperties": [],
      "initialVariables": []
    },
    {
      "angle": 0,
      "customSize": false,
      "height": 0,
      "layer": "",
      "name": "Tents",
      "persistentUuid": "1be0da9b-2446-4176-b6c4-0af45787e095",
      "width": 0,
      "x": 1664,
      "y": 864,
      "zOrder": 16,
      "numberProperties": [],
      "stringProperties": [],
      "initialVariables": []
    },
    {
      "angle": 0,
      "customSize": true,
      "depth": 1,
      "height": 928,
      "layer": "",
      "name": "Finish",
      "persistentUuid": "86e2c6cd-dd7d-4f4f-8631-4bbc4da7d17a",
      "width": 64,
      "x": 11488,
      "y": 768,
      "zOrder": 17,
      "numberProperties": [],
      "stringProperties": [],
      "initialVariables": []
    },
    {
      "angle": 0,
      "customSize": true,
      "depth": 32,
      "height": 32,
      "layer": "info",
      "name": "MetalRedBar",
      "persistentUuid": "82a1dedd-140a-4722-97ef-b56b5aeb9402",
      "width": 256,
      "x": 160,
      "y": 32,
      "zOrder": 18,
      "numberProperties": [],
      "stringProperties": [],
      "initialVariables": []
    },
    {
      "angle": 0,
      "customSize": true,
      "depth": 1,
      "height": 32,
      "layer": "info",
      "name": "Count",
      "persistentUuid": "a43e3e2a-21ef-42a0-90c1-ae9434369fd9",
      "width": 64,
      "x": 256,
      "y": 96,
      "zOrder": 23,
      "numberProperties": [],
      "stringProperties": [],
      "initialVariables": []
    },
    {
      "angle": 0,
      "customSize": false,
      "height": 0,
      "layer": "",
      "name": "Medkit",
      "persistentUuid": "edf13ae8-7255-486f-88d2-94a6933df49e",
      "width": 0,
      "x": -500,
      "y": 1339,
      "zOrder": 24,
      "numberProperties": [],
      "stringProperties": [],
      "initialVariables": []
    },
    {
      "angle": 0,
      "customSize": true,
      "depth": 1,
      "height": 100,
      "layer": "",
      "locked": true,
      "name": "Grass",
      "persistentUuid": "b08c6824-7eaf-4bef-8d2e-8a091925e847",
      "sealed": true,
      "width": 12896,
      "x": -1344,
      "y": 1408,
      "zOrder": 70,
      "numberProperties": [],
      "stringProperties": [],
      "initialVariables": []
    },
    {
      "angle": 0,
      "customSize": true,
      "depth": 1,
      "height": 288,
      "layer": "",
      "name": "Tent",
      "persistentUuid": "23e6a1a4-6f1f-46d1-8eb5-62899b386619",
      "width": 544,
      "x": 1920,
      "y": 1184,
      "zOrder": 29,
      "numberProperties": [],
      "stringProperties": [],
      "initialVariables": []
    },
    {
      "angle": 0,
      "customSize": true,
      "depth": 1,
      "height": 288,
      "layer": "",
      "name": "Tent_2",
      "persistentUuid": "f4bd0937-880b-46d3-850d-1042951bdda6",
      "width": 608,
      "x": 1600,
      "y": 1184,
      "zOrder": 39,
      "numberProperties": [],
      "stringProperties": [],
      "initialVariables": []
    },
    {
      "angle": 0,
      "customSize": true,
      "depth": 1,
      "height": 288,
      "layer": "",
      "name": "Tent",
      "persistentUuid": "a1d7cdbe-fbc3-4457-bbd2-42b65a47c7c1",
      "width": 544,
      "x": 2272,
      "y": 1184,
      "zOrder": 28,
      "numberProperties": [],
      "stringProperties": [],
      "initialVariables": []
    },
    {
      "angle": 0,
      "customSize": true,
      "depth": 1,
      "height": 288,
      "layer": "",
      "name": "Tent_2",
      "persistentUuid": "1bde51d3-c933-4fc5-8374-276c35666226",
      "width": 608,
      "x": 1312,
      "y": 1184,
      "zOrder": 59,
      "numberProperties": [],
      "stringProperties": [],
      "initialVariables": []
    },
    {
      "angle": 0,
      "customSize": true,
      "depth": 1,
      "height": 192,
      "layer": "",
      "name": "Tent_2",
      "persistentUuid": "a71e4c93-f9f6-4c52-ae92-8b9e16b6c221",
      "width": 452,
      "x": 2432,
      "y": 1280,
      "zOrder": 19,
      "numberProperties": [],
      "stringProperties": [],
      "initialVariables": []
    },
    {
      "angle": 0,
      "customSize": true,
      "depth": 1,
      "height": 192,
      "layer": "",
      "name": "Tent_2",
      "persistentUuid": "aefe2380-079c-400e-bec3-591788552579",
      "width": 452,
      "x": 2646,
      "y": 1280,
      "zOrder": 19,
      "numberProperties": [],
      "stringProperties": [],
      "initialVariables": []
    },
    {
      "angle": 0,
      "customSize": true,
      "depth": 1,
      "height": 192,
      "layer": "",
      "name": "Tent",
      "persistentUuid": "16d5cdd2-6560-437a-8d64-99dd98f077cd",
      "width": 405,
      "x": 2884,
      "y": 1280,
      "zOrder": 19,
      "numberProperties": [],
      "stringProperties": [],
      "initialVariables": []
    },
    {
      "angle": 0,
      "customSize": true,
      "depth": 1,
      "height": 192,
      "layer": "",
      "name": "Tent",
      "persistentUuid": "e83a1d3f-35e7-4bf7-9275-fd30a9a13b17",
      "width": 405,
      "x": 3147,
      "y": 1280,
      "zOrder": 19,
      "numberProperties": [],
      "stringProperties": [],
      "initialVariables": []
    },
    {
      "angle": 0,
      "customSize": true,
      "depth": 1,
      "height": 414,
      "layer": "",
      "name": "Car",
      "persistentUuid": "352846e1-b047-42c3-939d-b20c67200fa9",
      "width": 608,
      "x": 5632,
      "y": 1120,
      "zOrder": 60,
      "numberProperties": [],
      "stringProperties": [],
      "initialVariables": []
    },
    {
      "angle": 0,
      "customSize": true,
      "depth": 1,
      "height": 414,
      "layer": "",
      "name": "Car",
      "persistentUuid": "369d1ce4-cae9-476f-b37d-02810a9ce27b",
      "width": 608,
      "x": 5920,
      "y": 1120,
      "zOrder": 60,
      "numberProperties": [],
      "stringProperties": [],
      "initialVariables": []
    },
    {
      "angle": 0,
      "customSize": true,
      "depth": 1,
      "height": 414,
      "layer": "",
      "name": "Car",
      "persistentUuid": "551d8d82-318c-403e-b518-b3aed7e9f9ea",
      "width": 608,
      "x": 6208,
      "y": 1120,
      "zOrder": 60,
      "numberProperties": [],
      "stringProperties": [],
      "initialVariables": []
    },
    {
      "angle": 0,
      "customSize": true,
      "depth": 1,
      "height": 414,
      "layer": "",
      "name": "Car",
      "persistentUuid": "ec95add8-252e-4a45-96d2-2359faa20f3a",
      "width": 608,
      "x": 6496,
      "y": 1120,
      "zOrder": 60,
      "numberProperties": [],
      "stringProperties": [],
      "initialVariables": []
    },
    {
      "angle": 0,
      "customSize": true,
      "depth": 1,
      "height": 414,
      "layer": "",
      "name": "Car",
      "persistentUuid": "fce91c3f-0ab7-4d45-a498-ff7acad9fb79",
      "width": 608,
      "x": 6784,
      "y": 1120,
      "zOrder": 60,
      "numberProperties": [],
      "stringProperties": [],
      "initialVariables": []
    },
    {
      "angle": 0,
      "customSize": true,
      "depth": 1,
      "height": 414,
      "layer": "",
      "name": "Car",
      "persistentUuid": "d3b240bb-6c84-4b0f-b44d-121ec6f37a73",
      "width": 608,
      "x": 7072,
      "y": 1120,
      "zOrder": 60,
      "numberProperties": [],
      "stringProperties": [],
      "initialVariables": []
    },
    {
      "angle": 0,
      "customSize": true,
      "depth": 1,
      "height": 384,
      "layer": "",
      "name": "tires",
      "persistentUuid": "2e42d676-7bca-437b-bcad-9f328340aa35",
      "width": 350,
      "x": 4544,
      "y": 1152,
      "zOrder": 61,
      "numberProperties": [],
      "stringProperties": [],
      "initialVariables": []
    },
    {
      "angle": 0,
      "customSize": true,
      "depth": 1,
      "height": 384,
      "layer": "",
      "name": "tires",
      "persistentUuid": "022beab4-a676-4208-8d0e-39d0af8ccb7c",
      "width": 350,
      "x": 4546,
      "y": 1056,
      "zOrder": 61,
      "numberProperties": [],
      "stringProperties": [],
      "initialVariables": []
    },
    {
      "angle": 0,
      "customSize": true,
      "depth": 1,
      "height": 384,
      "layer": "",
      "name": "tires",
      "persistentUuid": "b4a608a0-53ef-4d88-9505-68cc43420ad6",
      "width": 350,
      "x": 4610,
      "y": 1152,
      "zOrder": 61,
      "numberProperties": [],
      "stringProperties": [],
      "initialVariables": []
    },
    {
      "angle": 0,
      "customSize": true,
      "depth": 1,
      "height": 384,
      "layer": "",
      "name": "tires",
      "persistentUuid": "38664d04-b684-4067-acef-669b54d9a9e4",
      "width": 350,
      "x": 4674,
      "y": 1152,
      "zOrder": -2,
      "numberProperties": [],
      "stringProperties": [],
      "initialVariables": []
    },
    {
      "angle": 0,
      "customSize": true,
      "depth": 1,
      "height": 384,
      "layer": "",
      "name": "tires",
      "persistentUuid": "f99f9ab4-8c20-41cf-9413-1bb94a9740aa",
      "width": 350,
      "x": 4674,
      "y": 1056,
      "zOrder": -1,
      "numberProperties": [],
      "stringProperties": [],
      "initialVariables": []
    },
    {
      "angle": 0,
      "customSize": true,
      "depth": 1,
      "height": 384,
      "layer": "",
      "name": "tires",
      "persistentUuid": "139199d7-8902-445b-aec6-0b90166472ed",
      "width": 350,
      "x": 4610,
      "y": 1088,
      "zOrder": 61,
      "numberProperties": [],
      "stringProperties": [],
      "initialVariables": []
    },
    {
      "angle": 0,
      "customSize": true,
      "depth": 1,
      "height": 192,
      "layer": "",
      "name": "Shooting_dummy",
      "persistentUuid": "3cea8afc-6ba8-4ba1-a12a-1cae07487e3b",
      "width": 224,
      "x": 9120,
      "y": 1248,
      "zOrder": 62,
      "numberProperties": [],
      "stringProperties": [],
      "initialVariables": []
    },
    {
      "angle": 0,
      "customSize": true,
      "depth": 1,
      "height": 192,
      "layer": "",
      "name": "Shooting_dummy",
      "persistentUuid": "3d927d9c-a368-403e-915d-541ab8800e66",
      "width": 224,
      "x": 9472,
      "y": 1248,
      "zOrder": 62,
      "numberProperties": [],
      "stringProperties": [],
      "initialVariables": []
    },
    {
      "angle": 0,
      "customSize": true,
      "depth": 1,
      "height": 192,
      "layer": "",
      "name": "Shooting_dummy",
      "persistentUuid": "585ab6af-c7a3-4c22-ad09-f4966bf4430b",
      "width": 224,
      "x": 9824,
      "y": 1248,
      "zOrder": 62,
      "numberProperties": [],
      "stringProperties": [],
      "initialVariables": []
    },
    {
      "angle": 0,
      "customSize": true,
      "depth": 1,
      "height": 192,
      "layer": "",
      "name": "Shooting_dummy",
      "persistentUuid": "7f8ff29a-1731-44d0-8295-f85dcd1c113a",
      "width": 224,
      "x": 10208,
      "y": 1248,
      "zOrder": 62,
      "numberProperties": [],
      "stringProperties": [],
      "initialVariables": []
    },
    {
      "angle": 0,
      "customSize": true,
      "depth": 1,
      "height": 192,
      "layer": "",
      "name": "Shooting_dummy",
      "persistentUuid": "185a8b2c-dc4c-4bc4-94df-49ffb58b7f6e",
      "width": 224,
      "x": 10656,
      "y": 1248,
      "zOrder": 62,
      "numberProperties": [],
      "stringProperties": [],
      "initialVariables": []
    },
    {
      "angle": 0,
      "customSize": true,
      "depth": 1,
      "height": 192,
      "layer": "",
      "name": "Shooting_dummy",
      "persistentUuid": "44ffe63d-d574-46c3-b050-2fae76e00ccf",
      "width": 224,
      "x": 9120,
      "y": 1120,
      "zOrder": 62,
      "numberProperties": [],
      "stringProperties": [],
      "initialVariables": []
    },
    {
      "angle": 0,
      "customSize": true,
      "depth": 1,
      "height": 192,
      "layer": "",
      "name": "Shooting_dummy",
      "persistentUuid": "28adffd1-dfa3-4280-ab39-ad6faa4a45be",
      "width": 224,
      "x": 9472,
      "y": 1120,
      "zOrder": 62,
      "numberProperties": [],
      "stringProperties": [],
      "initialVariables": []
    },
    {
      "angle": 0,
      "customSize": true,
      "depth": 1,
      "height": 192,
      "layer": "",
      "name": "Shooting_dummy",
      "persistentUuid": "1f9adc28-9284-4fd7-b60f-0807f962d1c3",
      "width": 224,
      "x": 9824,
      "y": 1120,
      "zOrder": 62,
      "numberProperties": [],
      "stringProperties": [],
      "initialVariables": []
    },
    {
      "angle": 0,
      "customSize": true,
      "depth": 1,
      "height": 192,
      "layer": "",
      "name": "Shooting_dummy",
      "persistentUuid": "1bc4c204-c7e9-4e16-8592-0eddfc8c6422",
      "width": 224,
      "x": 10208,
      "y": 1120,
      "zOrder": 62,
      "numberProperties": [],
      "stringProperties": [],
      "initialVariables": []
    },
    {
      "angle": 0,
      "customSize": true,
      "depth": 1,
      "height": 192,
      "layer": "",
      "name": "Shooting_dummy",
      "persistentUuid": "f3e91483-0e34-496e-96c2-2e2c91d688f5",
      "width": 224,
      "x": 10656,
      "y": 1120,
      "zOrder": 62,
      "numberProperties": [],
      "stringProperties": [],
      "initialVariables": []
    },
    {
      "angle": 0,
      "customSize": true,
      "depth": 1,
      "height": 350,
      "layer": "",
      "locked": true,
      "name": "bg",
      "persistentUuid": "d5ae0be0-7b55-4dae-b9ea-07a2dced7762",
      "sealed": true,
      "width": 12832,
      "x": -1376,
      "y": 1056,
      "zOrder": 1,
      "numberProperties": [],
      "stringProperties": [],
      "initialVariables": []
    },
    {
      "angle": 0,
      "customSize": true,
      "depth": 1,
      "height": 64,
      "layer": "",
      "name": "star",
      "persistentUuid": "4aa817da-4b24-49c2-b601-861bd8c57d72",
      "width": 32,
      "x": -192,
      "y": 1280,
      "zOrder": 64,
      "numberProperties": [],
      "stringProperties": [],
      "initialVariables": []
    },
    {
      "angle": 0,
      "customSize": true,
      "depth": 1,
      "height": 256,
      "layer": "info",
      "name": "humannnn",
      "persistentUuid": "40c4b940-b156-4567-8bad-3f0bb65becad",
      "width": 256,
      "x": -32,
      "y": -32,
      "zOrder": 100001,
      "numberProperties": [],
      "stringProperties": [],
      "initialVariables": []
    },
    {
      "angle": 0,
      "customSize": true,
      "depth": 1,
      "height": 224,
      "layer": "",
      "name": "Fire_Barrel",
      "persistentUuid": "2ac810fc-af9d-4f8c-aaa4-3bfacf605260",
      "width": 224,
      "x": -288,
      "y": 1248,
      "zOrder": 100002,
      "numberProperties": [],
      "stringProperties": [],
      "initialVariables": []
    },
    {
      "angle": 0,
      "customSize": true,
      "depth": 1,
      "height": 286,
      "layer": "",
      "name": "fire_barrel",
      "persistentUuid": "1dcd311c-d5e5-4eaf-9384-98069b6e9c40",
      "width": 286,
      "x": -62,
      "y": 1186,
      "zOrder": 100003,
      "numberProperties": [],
      "stringProperties": [],
      "initialVariables": []
    },
    {
      "angle": 0,
      "customSize": false,
      "height": 0,
      "layer": "info",
      "name": "Medkit2",
      "persistentUuid": "60439036-2c47-4455-a73a-a7f4b8d3340d",
      "width": 0,
      "x": 156,
      "y": 64,
      "zOrder": 100005,
      "numberProperties": [],
      "stringProperties": [],
      "initialVariables": []
    }
  ],
  "objects": [
    {
      "assetStoreId": "",
      "bold": false,
      "italic": false,
      "name": "NewText",
      "smoothed": true,
      "type": "TextObject::Text",
      "underlined": false,
      "variables": [],
      "effects": [],
      "behaviors": [],
      "string": "Camp",
      "font": "",
      "textAlignment": "left",
      "characterSize": 150,
      "color": {
        "b": 0,
        "g": 0,
        "r": 0
      }
    },
    {
      "assetStoreId": "",
      "bold": false,
      "italic": false,
      "name": "Barrel",
      "smoothed": true,
      "type": "TextObject::Text",
      "underlined": false,
      "variables": [],
      "effects": [],
      "behaviors": [],
      "string": "Barrel of fire",
      "font": "",
      "textAlignment": "left",
      "characterSize": 100,
      "color": {
        "b": 0,
        "g": 0,
        "r": 0
      }
    },
    {
      "assetStoreId": "",
      "bold": false,
      "italic": false,
      "name": "Armored_vehicle",
      "smoothed": true,
      "type": "TextObject::Text",
      "underlined": false,
      "variables": [],
      "effects": [],
      "behaviors": [],
      "string": "Armored vehicle",
      "font": "",
      "textAlignment": "left",
      "characterSize": 60,
      "color": {
        "b": 0,
        "g": 0,
        "r": 0
      }
    },
    {
      "assetStoreId": "",
      "bold": false,
      "italic": false,
      "name": "Stack_of_tires",
      "smoothed": true,
      "type": "TextObject::Text",
      "underlined": false,
      "variables": [],
      "effects": [],
      "behaviors": [],
      "string": "Stack of tires",
      "font": "",
      "textAlignment": "left",
      "characterSize": 60,
      "color": {
        "b": 0,
        "g": 0,
        "r": 0
      }
    },
    {
      "assetStoreId": "",
      "bold": false,
      "italic": false,
      "name": "Trees",
      "smoothed": true,
      "type": "TextObject::Text",
      "underlined": false,
      "variables": [],
      "effects": [],
      "behaviors": [],
      "string": "Add lots of trees",
      "font": "",
      "textAlignment": "left",
      "characterSize": 80,
      "color": {
        "b": 0,
        "g": 0,
        "r": 0
      }
    },
    {
      "assetStoreId": "",
      "bold": false,
      "italic": false,
      "name": "Shooting_range",
      "smoothed": true,
      "type": "TextObject::Text",
      "underlined": false,
      "variables": [],
      "effects": [],
      "behaviors": [],
      "string": "Shooting range",
      "font": "",
      "textAlignment": "left",
      "characterSize": 80,
      "color": {
        "b": 0,
        "g": 0,
        "r": 0
      }
    },
    {
      "assetStoreId": "",
      "bold": false,
      "italic": false,
      "name": "Tents",
      "smoothed": true,
      "type": "TextObject::Text",
      "underlined": false,
      "variables": [],
      "effects": [],
      "behaviors": [],
      "string": "Tents",
      "font": "",
      "textAlignment": "left",
      "characterSize": 75,
      "color": {
        "b": 0,
        "g": 0,
        "r": 0
      }
    },
    {
      "assetStoreId": "",
      "name": "NewResourceBar",
      "type": "PanelSpriteContinuousBar::PanelSpriteContinuousBar",
      "variables": [],
      "effects": [],
      "behaviors": [],
      "content": {},
      "childrenContent": {
        "Background": {
          "bottomMargin": 0,
          "height": 32,
          "leftMargin": 0,
          "rightMargin": 0,
          "texture": "",
          "tiled": true,
          "topMargin": 0,
          "width": 32
        },
        "Buffer": {
          "bottomMargin": 0,
          "height": 32,
          "leftMargin": 0,
          "rightMargin": 0,
          "texture": "",
          "tiled": true,
          "topMargin": 0,
          "width": 32
        },
        "FillBar": {
          "bottomMargin": 0,
          "height": 32,
          "leftMargin": 0,
          "rightMargin": 0,
          "texture": "",
          "tiled": true,
          "topMargin": 0,
          "width": 32
        },
        "Label": {
          "bold": false,
          "italic": false,
          "smoothed": true,
          "underlined": false,
          "string": "2 / 3",
          "font": "",
          "textAlignment": "center",
          "characterSize": 20,
          "color": {
            "b": 0,
            "g": 0,
            "r": 0
          }
        }
      }
    },
    {
      "adaptCollisionMaskAutomatically": true,
      "assetStoreId": "",
      "name": "player_background",
      "type": "Sprite",
      "updateIfNotVisible": false,
      "variables": [],
      "effects": [],
      "behaviors": [],
      "animations": [
        {
          "name": "Player_Background",
          "useMultipleDirections": false,
          "directions": [
            {
              "looping": false,
              "metadata": "{\"pskl\":{}}",
              "timeBetweenFrames": 0.08,
              "sprites": [
                {
                  "hasCustomCollisionMask": true,
                  "image": "Player_Background",
                  "points": [],
                  "originPoint": {
                    "name": "origine",
                    "x": 0,
                    "y": 0
                  },
                  "centerPoint": {
                    "automatic": true,
                    "name": "centre",
                    "x": 0,
                    "y": 0
                  },
                  "customCollisionMask": [
                    [
                      {
                        "x": 0,
                        "y": 0
                      },
                      {
                        "x": 64,
                        "y": 0
                      },
                      {
                        "x": 64,
                        "y": 64
                      },
                      {
                        "x": 0,
                        "y": 64
                      }
                    ]
                  ]
                }
              ]
            }
          ]
        }
      ]
    },
    {
      "adaptCollisionMaskAutomatically": true,
      "assetStoreId": "",
      "name": "star",
      "type": "Sprite",
      "updateIfNotVisible": false,
      "variables": [],
      "effects": [],
      "behaviors": [],
      "animations": [
        {
          "name": "NewSprite",
          "useMultipleDirections": false,
          "directions": [
            {
              "looping": false,
              "metadata": "{\"pskl\":{}}",
              "timeBetweenFrames": 0.08,
              "sprites": [
                {
                  "hasCustomCollisionMask": false,
                  "image": "NewSprite43",
                  "points": [],
                  "originPoint": {
                    "name": "origine",
                    "x": 0,
                    "y": 0
                  },
                  "centerPoint": {
                    "automatic": true,
                    "name": "centre",
                    "x": 0,
                    "y": 0
                  },
                  "customCollisionMask": [
                    [
                      {
                        "x": 0,
                        "y": 0
                      },
                      {
                        "x": 64,
                        "y": 0
                      },
                      {
                        "x": 64,
                        "y": 64
                      },
                      {
                        "x": 0,
                        "y": 64
                      }
                    ]
                  ]
                }
              ]
            }
          ]
        }
      ]
    },
    {
      "adaptCollisionMaskAutomatically": false,
      "assetStoreId": "",
      "name": "Temp_Sprite",
      "type": "Sprite",
      "updateIfNotVisible": false,
      "variables": [],
      "effects": [],
      "behaviors": [],
      "animations": [
        {
          "name": "Temp_Sprite",
          "useMultipleDirections": false,
          "directions": [
            {
              "looping": false,
              "metadata": "{\"pskl\":{}}",
              "timeBetweenFrames": 0.08,
              "sprites": [
                {
                  "hasCustomCollisionMask": true,
                  "image": "Temp_Sprite",
                  "points": [],
                  "originPoint": {
                    "name": "origine",
                    "x": 0,
                    "y": 0
                  },
                  "centerPoint": {
                    "automatic": true,
                    "name": "centre",
                    "x": 0,
                    "y": 0
                  },
                  "customCollisionMask": [
                    [
                      {
                        "x": 0,
                        "y": 45.5
                      },
                      {
                        "x": 37,
                        "y": 20.5
                      },
                      {
                        "x": 46.5,
                        "y": 15
                      },
                      {
                        "x": 64,
                        "y": 15
                      },
                      {
                        "x": 64,
                        "y": 64
                      },
                      {
                        "x": 0,
                        "y": 64
                      }
                    ]
                  ]
                }
              ]
            }
          ]
        }
      ]
    },
    {
      "adaptCollisionMaskAutomatically": true,
      "assetStoreId": "",
      "name": "NewSprite",
      "type": "Sprite",
      "updateIfNotVisible": false,
      "variables": [],
      "effects": [],
      "behaviors": [],
      "animations": []
    },
    {
      "adaptCollisionMaskAutomatically": true,
      "assetStoreId": "",
      "name": "Tent",
      "type": "Sprite",
      "updateIfNotVisible": false,
      "variables": [],
      "effects": [],
      "behaviors": [],
      "animations": [
        {
          "name": "NewSprite2",
          "useMultipleDirections": false,
          "directions": [
            {
              "looping": false,
              "metadata": "{\"pskl\":{}}",
              "timeBetweenFrames": 0.08,
              "sprites": [
                {
                  "hasCustomCollisionMask": true,
                  "image": "NewSprite41",
                  "points": [],
                  "originPoint": {
                    "name": "origine",
                    "x": 0,
                    "y": 0
                  },
                  "centerPoint": {
                    "automatic": true,
                    "name": "centre",
                    "x": 0,
                    "y": 0
                  },
                  "customCollisionMask": [
                    [
                      {
                        "x": 9,
                        "y": 36
                      },
                      {
                        "x": 184,
                        "y": 36
                      },
                      {
                        "x": 184,
                        "y": 168
                      },
                      {
                        "x": 9,
                        "y": 168
                      }
                    ]
                  ]
                }
              ]
            }
          ]
        }
      ]
    },
    {
      "adaptCollisionMaskAutomatically": true,
      "assetStoreId": "",
      "name": "Tent_2",
      "type": "Sprite",
      "updateIfNotVisible": false,
      "variables": [],
      "effects": [],
      "behaviors": [],
      "animations": [
        {
          "name": "NewSprite2",
          "useMultipleDirections": false,
          "directions": [
            {
              "looping": false,
              "metadata": "{\"pskl\":{}}",
              "timeBetweenFrames": 0.08,
              "sprites": [
                {
                  "hasCustomCollisionMask": true,
                  "image": "NewSprite42",
                  "points": [],
                  "originPoint": {
                    "name": "origine",
                    "x": 0,
                    "y": 0
                  },
                  "centerPoint": {
                    "automatic": true,
                    "name": "centre",
                    "x": 0,
                    "y": 0
                  },
                  "customCollisionMask": [
                    [
                      {
                        "x": 9,
                        "y": 36
                      },
                      {
                        "x": 184,
                        "y": 36
                      },
                      {
                        "x": 184,
                        "y": 168
                      },
                      {
                        "x": 9,
                        "y": 168
                      }
                    ]
                  ]
                }
              ]
            }
          ]
        }
      ]
    },
    {
      "adaptCollisionMaskAutomatically": true,
      "assetStoreId": "",
      "name": "Car",
      "type": "Sprite",
      "updateIfNotVisible": false,
      "variables": [],
      "effects": [],
      "behaviors": [],
      "animations": [
        {
          "name": "",
          "useMultipleDirections": false,
          "directions": [
            {
              "looping": false,
              "timeBetweenFrames": 0.08,
              "sprites": [
                {
                  "hasCustomCollisionMask": true,
                  "image": "assets\\Vehicle.png",
                  "points": [],
                  "originPoint": {
                    "name": "origine",
                    "x": 0,
                    "y": 0
                  },
                  "centerPoint": {
                    "automatic": true,
                    "name": "centre",
                    "x": 0,
                    "y": 0
                  },
                  "customCollisionMask": [
                    [
                      {
                        "x": 6,
                        "y": 59
                      },
                      {
                        "x": 304,
                        "y": 59
                      },
                      {
                        "x": 304,
                        "y": 247
                      },
                      {
                        "x": 6,
                        "y": 247
                      }
                    ]
                  ]
                }
              ]
            }
          ]
        }
      ]
    },
    {
      "adaptCollisionMaskAutomatically": true,
      "assetStoreId": "",
      "name": "tires",
      "type": "Sprite",
      "updateIfNotVisible": false,
      "variables": [],
      "effects": [],
      "behaviors": [],
      "animations": [
        {
          "name": "",
          "useMultipleDirections": false,
          "directions": [
            {
              "looping": false,
              "timeBetweenFrames": 0.08,
              "sprites": [
                {
                  "hasCustomCollisionMask": true,
                  "image": "assets\\Tires.png",
                  "points": [],
                  "originPoint": {
                    "name": "origine",
                    "x": 0,
                    "y": 0
                  },
                  "centerPoint": {
                    "automatic": true,
                    "name": "centre",
                    "x": 0,
                    "y": 0
                  },
                  "customCollisionMask": [
                    [
                      {
                        "x": 116,
                        "y": 131
                      },
                      {
                        "x": 247,
                        "y": 131
                      },
                      {
                        "x": 247,
                        "y": 250
                      },
                      {
                        "x": 116,
                        "y": 250
                      }
                    ]
                  ]
                }
              ]
            }
          ]
        }
      ]
    },
    {
      "adaptCollisionMaskAutomatically": true,
      "assetStoreId": "",
      "name": "Shooting_dummy",
      "type": "Sprite",
      "updateIfNotVisible": false,
      "variables": [],
      "effects": [],
      "behaviors": [],
      "animations": [
        {
          "name": "",
          "useMultipleDirections": false,
          "directions": [
            {
              "looping": false,
              "timeBetweenFrames": 0.08,
              "sprites": [
                {
                  "hasCustomCollisionMask": true,
                  "image": "assets\\BarrelOfFire.png",
                  "points": [],
                  "originPoint": {
                    "name": "origine",
                    "x": 0,
                    "y": 0
                  },
                  "centerPoint": {
                    "automatic": true,
                    "name": "centre",
                    "x": 0,
                    "y": 0
                  },
                  "customCollisionMask": [
                    [
                      {
                        "x": 51,
                        "y": 42
                      },
                      {
                        "x": 149,
                        "y": 42
                      },
                      {
                        "x": 149,
                        "y": 186
                      },
                      {
                        "x": 51,
                        "y": 186
                      }
                    ]
                  ]
                }
              ]
            }
          ]
        }
      ]
    },
    {
      "assetStoreId": "",
      "height": 350,
      "name": "background",
      "texture": "assets\\Tree.png",
      "type": "TiledSpriteObject::TiledSprite",
      "width": 350,
      "variables": [],
      "effects": [],
      "behaviors": []
    },
    {
      "assetStoreId": "",
      "height": 350,
      "name": "bg",
      "texture": "assets\\Forestbackground.png",
      "type": "TiledSpriteObject::TiledSprite",
      "width": 350,
      "variables": [],
      "effects": [],
      "behaviors": []
    },
    {
      "adaptCollisionMaskAutomatically": true,
      "assetStoreId": "",
      "name": "NewSprite2",
      "type": "Sprite",
      "updateIfNotVisible": false,
      "variables": [],
      "effects": [],
      "behaviors": [],
      "animations": []
    },
    {
      "adaptCollisionMaskAutomatically": false,
      "assetStoreId": "",
      "name": "Fire_Barrel",
      "type": "Sprite",
      "updateIfNotVisible": false,
      "variables": [],
      "effects": [],
      "behaviors": [
        {
          "name": "Platform",
          "type": "PlatformBehavior::PlatformBehavior",
          "canBeGrabbed": true,
          "platformType": "NormalPlatform",
          "yGrabOffset": 0
        }
      ],
      "animations": [
        {
          "name": "",
          "useMultipleDirections": false,
          "directions": [
            {
              "looping": true,
              "timeBetweenFrames": 0.08,
              "sprites": [
                {
                  "hasCustomCollisionMask": true,
                  "image": "assets\\BarrelOfFire2.png",
                  "points": [],
                  "originPoint": {
                    "name": "origine",
                    "x": 0,
                    "y": 0
                  },
                  "centerPoint": {
                    "automatic": true,
                    "name": "centre",
                    "x": 0,
                    "y": 0
                  },
                  "customCollisionMask": [
                    [
                      {
                        "x": 127,
                        "y": 127.5
                      },
                      {
                        "x": 226,
                        "y": 126
                      },
                      {
                        "x": 226,
                        "y": 269
                      },
                      {
                        "x": 128,
                        "y": 269
                      }
                    ]
                  ]
                },
                {
                  "hasCustomCollisionMask": true,
                  "image": "assets\\BarrelOfFire3.png",
                  "points": [],
                  "originPoint": {
                    "name": "origine",
                    "x": 0,
                    "y": 0
                  },
                  "centerPoint": {
                    "automatic": true,
                    "name": "centre",
                    "x": 0,
                    "y": 0
                  },
                  "customCollisionMask": [
                    [
                      {
                        "x": 127,
                        "y": 127.5
                      },
                      {
                        "x": 226,
                        "y": 126
                      },
                      {
                        "x": 226,
                        "y": 269
                      },
                      {
                        "x": 128,
                        "y": 269
                      }
                    ]
                  ]
                },
                {
                  "hasCustomCollisionMask": true,
                  "image": "assets\\BarrelOfFire4.png",
                  "points": [],
                  "originPoint": {
                    "name": "origine",
                    "x": 0,
                    "y": 0
                  },
                  "centerPoint": {
                    "automatic": true,
                    "name": "centre",
                    "x": 0,
                    "y": 0
                  },
                  "customCollisionMask": [
                    [
                      {
                        "x": 127,
                        "y": 127.5
                      },
                      {
                        "x": 226,
                        "y": 126
                      },
                      {
                        "x": 226,
                        "y": 269
                      },
                      {
                        "x": 128,
                        "y": 269
                      }
                    ]
                  ]
                },
                {
                  "hasCustomCollisionMask": true,
                  "image": "assets\\BarrelOfFire5.png",
                  "points": [],
                  "originPoint": {
                    "name": "origine",
                    "x": 0,
                    "y": 0
                  },
                  "centerPoint": {
                    "automatic": true,
                    "name": "centre",
                    "x": 0,
                    "y": 0
                  },
                  "customCollisionMask": [
                    [
                      {
                        "x": 127,
                        "y": 127.5
                      },
                      {
                        "x": 226,
                        "y": 126
                      },
                      {
                        "x": 226,
                        "y": 269
                      },
                      {
                        "x": 128,
                        "y": 269
                      }
                    ]
                  ]
                },
                {
                  "hasCustomCollisionMask": true,
                  "image": "assets\\BarrelOfFire6.png",
                  "points": [],
                  "originPoint": {
                    "name": "origine",
                    "x": 0,
                    "y": 0
                  },
                  "centerPoint": {
                    "automatic": true,
                    "name": "centre",
                    "x": 0,
                    "y": 0
                  },
                  "customCollisionMask": [
                    [
                      {
                        "x": 127,
                        "y": 127.5
                      },
                      {
                        "x": 226,
                        "y": 126
                      },
                      {
                        "x": 226,
                        "y": 269
                      },
                      {
                        "x": 128,
                        "y": 269
                      }
                    ]
                  ]
                },
                {
                  "hasCustomCollisionMask": true,
                  "image": "assets\\BarrelOfFire7.png",
                  "points": [],
                  "originPoint": {
                    "name": "origine",
                    "x": 0,
                    "y": 0
                  },
                  "centerPoint": {
                    "automatic": true,
                    "name": "centre",
                    "x": 0,
                    "y": 0
                  },
                  "customCollisionMask": [
                    [
                      {
                        "x": 127,
                        "y": 127.5
                      },
                      {
                        "x": 226,
                        "y": 126
                      },
                      {
                        "x": 226,
                        "y": 269
                      },
                      {
                        "x": 128,
                        "y": 269
                      }
                    ]
                  ]
                }
              ]
            }
          ]
        }
      ]
    },
    {
      "adaptCollisionMaskAutomatically": true,
      "assetStoreId": "",
      "name": "Medkit2",
      "type": "Sprite",
      "updateIfNotVisible": false,
      "variables": [],
      "effects": [],
      "behaviors": [],
      "animations": [
        {
          "name": "assets\\Medkit2",
          "useMultipleDirections": false,
          "directions": [
            {
              "looping": false,
              "metadata": "{\"pskl\":{}}",
              "timeBetweenFrames": 0.08,
              "sprites": [
                {
                  "hasCustomCollisionMask": true,
                  "image": "assets\\Medkit2",
                  "points": [],
                  "originPoint": {
                    "name": "origine",
                    "x": 0,
                    "y": 0
                  },
                  "centerPoint": {
                    "automatic": true,
                    "name": "centre",
                    "x": 0,
                    "y": 0
                  },
                  "customCollisionMask": [
                    [
                      {
                        "x": 21,
                        "y": 17
                      },
                      {
                        "x": 79,
                        "y": 17
                      },
                      {
                        "x": 79,
                        "y": 70
                      },
                      {
                        "x": 21,
                        "y": 70
                      }
                    ]
                  ]
                }
              ]
            }
          ]
        }
      ]
    }
  ],
  "objectsFolderStructure": {
    "folderName": "__ROOT",
    "children": [
      {
        "objectName": "NewText"
      },
      {
        "objectName": "Barrel"
      },
      {
        "objectName": "Armored_vehicle"
      },
      {
        "objectName": "Stack_of_tires"
      },
      {
        "objectName": "Trees"
      },
      {
        "objectName": "Shooting_range"
      },
      {
        "objectName": "Tents"
      },
      {
        "objectName": "NewResourceBar"
      },
      {
        "objectName": "player_background"
      },
      {
        "objectName": "star"
      },
      {
        "objectName": "Temp_Sprite"
      },
      {
        "objectName": "NewSprite"
      },
      {
        "objectName": "Tent"
      },
      {
        "objectName": "Tent_2"
      },
      {
        "objectName": "Car"
      },
      {
        "objectName": "tires"
      },
      {
        "objectName": "Shooting_dummy"
      },
      {
        "objectName": "background"
      },
      {
        "objectName": "bg"
      },
      {
        "objectName": "NewSprite2"
      },
      {
        "objectName": "Fire_Barrel"
      },
      {
        "objectName": "Medkit2"
      }
    ]
  },
  "events": [
    {
      "type": "BuiltinCommonInstructions::Standard",
      "conditions": [
        {
          "type": {
            "value": "DepartScene"
          },
          "parameters": [
            ""
          ]
        }
      ],
      "actions": [
        {
          "type": {
            "value": "Health::Health::SetHealth"
          },
          "parameters": [
            "Human",
            "Health",
            "16",
            ""
          ]
        },
        {
          "type": {
            "value": "Cache"
          },
          "parameters": [
            "star"
          ]
        }
      ]
    },
    {
      "colorB": 228,
      "colorG": 176,
      "colorR": 74,
      "creationTime": 0,
      "name": "Player",
      "source": "",
      "type": "BuiltinCommonInstructions::Group",
      "events": [
        {
          "type": "BuiltinCommonInstructions::Standard",
          "conditions": [],
          "actions": [
            {
              "type": {
                "value": "SetCameraCenterX"
              },
              "parameters": [
                "",
                "=",
                "lerp(CameraX(), Human.X(), 0.1)",
                "",
                ""
              ]
            },
            {
              "type": {
                "value": "SetCameraCenterY"
              },
              "parameters": [
                "",
                "=",
                "lerp(CameraY(), Human.Y(), 0.1)",
                "",
                ""
              ]
            },
            {
              "type": {
                "value": "ZoomCamera"
              },
              "parameters": [
                "",
                "2",
                "",
                ""
              ]
            }
          ]
        },
        {
          "type": "BuiltinCommonInstructions::Standard",
          "conditions": [
            {
              "type": {
                "value": "CollisionNP"
              },
              "parameters": [
                "Human",
                "Finish",
                "",
                "",
                ""
              ]
            }
          ],
          "actions": [
            {
              "type": {
                "value": "Scene"
              },
              "parameters": [
                "",
                "\"Loading Screen\"",
                ""
              ]
            },
            {
              "type": {
                "value": "ModVarGlobal"
              },
              "parameters": [
                "Loading_Screen",
                "+",
                "1"
              ]
            }
          ]
        }
      ],
      "parameters": []
    },
    {
      "type": "BuiltinCommonInstructions::Standard",
      "conditions": [],
      "actions": []
    },
    {
      "colorB": 228,
      "colorG": 176,
      "colorR": 74,
      "creationTime": 0,
      "name": "Weapons",
      "source": "",
      "type": "BuiltinCommonInstructions::Group",
      "events": [
        {
          "type": "BuiltinCommonInstructions::Standard",
          "conditions": [
            {
              "type": {
                "value": "CollisionNP"
              },
              "parameters": [
                "Human",
                "Rifle",
                "",
                "",
                ""
              ]
            }
          ],
          "actions": [
            {
              "type": {
                "value": "Montre"
              },
              "parameters": [
                "pickup",
                ""
              ]
            }
          ]
        },
        {
          "type": "BuiltinCommonInstructions::Standard",
          "conditions": [
            {
              "type": {
                "value": "CollisionNP"
              },
              "parameters": [
                "Human",
                "Rifle",
                "",
                "",
                ""
              ]
            },
            {
              "type": {
                "value": "KeyPressed"
              },
              "parameters": [
                "",
                "e"
              ]
            }
          ],
          "actions": [
            {
              "type": {
                "value": "ModVarGlobal"
              },
              "parameters": [
                "Pickup",
                "=",
                "1"
              ]
            }
          ]
        },
        {
          "type": "BuiltinCommonInstructions::Standard",
          "conditions": [
            {
              "type": {
                "value": "IsMouseWheelScrollingDown"
              },
              "parameters": [
                ""
              ]
            }
          ],
          "actions": [
            {
              "type": {
                "value": "SetGlobalVariableAsBoolean"
              },
              "parameters": [
                "Weapon",
                "False"
              ]
            }
          ]
        },
        {
          "type": "BuiltinCommonInstructions::Standard",
          "conditions": [
            {
              "type": {
                "value": "IsMouseWheelScrollingUp"
              },
              "parameters": [
                ""
              ]
            }
          ],
          "actions": [
            {
              "type": {
                "value": "SetGlobalVariableAsBoolean"
              },
              "parameters": [
                "Weapon",
                "True"
              ]
            }
          ]
        },
        {
          "type": "BuiltinCommonInstructions::Standard",
          "conditions": [
            {
              "type": {
                "value": "VarGlobal"
              },
              "parameters": [
                "Pickup",
                "=",
                "1"
              ]
            }
          ],
          "actions": [
            {
              "type": {
                "value": "MettreXY"
              },
              "parameters": [
                "Rifle",
                "=",
                "Human.PointX(\"Gun\")",
                "=",
                "Human.PointY(\"Gun\")"
              ]
            },
            {
              "type": {
                "value": "RotateTowardPosition"
              },
              "parameters": [
                "Rifle",
                "MouseX()",
                "MouseY()",
                "0",
                ""
              ]
            },
            {
              "type": {
                "value": "Montre"
              },
              "parameters": [
                "Rifle",
                ""
              ]
            },
            {
              "type": {
                "value": "Delete"
              },
              "parameters": [
                "pickup",
                ""
              ]
            }
          ],
          "events": [
            {
              "type": "BuiltinCommonInstructions::Standard",
              "conditions": [
                {
                  "type": {
                    "value": "GlobalVariableAsBoolean"
                  },
                  "parameters": [
                    "Weapon",
                    "="
                  ]
                }
              ],
              "actions": [
                {
                  "type": {
                    "value": "Cache"
                  },
                  "parameters": [
                    "Shotgun"
                  ]
                },
                {
                  "type": {
                    "value": "MettreXY"
                  },
                  "parameters": [
                    "Rifle",
                    "=",
                    "Human.PointX(\"Gun\")",
                    "=",
                    "Human.PointY(\"Gun\")"
                  ]
                },
                {
                  "type": {
                    "value": "RotateTowardPosition"
                  },
                  "parameters": [
                    "Rifle",
                    "MouseX()",
                    "MouseY()",
                    "0",
                    ""
                  ]
                }
              ],
              "events": [
                {
                  "type": "BuiltinCommonInstructions::Standard",
                  "conditions": [
                    {
                      "type": {
                        "value": "MouseButtonPressed"
                      },
                      "parameters": [
                        "",
                        "Left"
                      ]
                    }
                  ],
                  "actions": [
                    {
                      "type": {
                        "value": "FireBullet::FireBullet::FireTowardPosition"
                      },
                      "parameters": [
                        "Rifle",
                        "FireBullet",
                        "Rifle.X(\"Bullet\")",
                        "Rifle.Y(\"Bullet\")",
                        "Bullet",
                        "CursorX()",
                        "CursorY()",
                        "500",
                        ""
                      ]
                    }
                  ]
                }
              ]
            },
            {
              "type": "BuiltinCommonInstructions::Standard",
              "conditions": [
                {
                  "type": {
                    "value": "GlobalVariableAsBoolean"
                  },
                  "parameters": [
                    "Weapon",
                    "True"
                  ]
                }
              ],
              "actions": [
                {
                  "type": {
                    "value": "Cache"
                  },
                  "parameters": [
                    "Rifle"
                  ]
                },
                {
                  "type": {
                    "value": "Montre"
                  },
                  "parameters": [
                    "Shotgun",
                    ""
                  ]
                },
                {
                  "type": {
                    "value": "MettreXY"
                  },
                  "parameters": [
                    "Shotgun",
                    "=",
                    "Human.PointX(\"Gun\")",
                    "=",
                    "Human.PointY(\"Gun\")"
                  ]
                },
                {
                  "type": {
                    "value": "RotateTowardPosition"
                  },
                  "parameters": [
                    "Shotgun",
                    "MouseX()",
                    "MouseY()",
                    "0",
                    ""
                  ]
                }
              ],
              "events": [
                {
                  "type": "BuiltinCommonInstructions::Standard",
                  "conditions": [
                    {
                      "type": {
                        "value": "MouseButtonPressed"
                      },
                      "parameters": [
                        "",
                        "Left"
                      ]
                    }
                  ],
                  "actions": [
                    {
                      "type": {
                        "value": "FireBullet::FireBullet::FireTowardPosition"
                      },
                      "parameters": [
                        "Shotgun",
                        "FireBullet",
                        "Shotgun.X(\"Bullet\")",
                        "Shotgun.Y(\"Bullet\")",
                        "Bullet",
                        "CursorX()",
                        "CursorY()",
                        "300",
                        ""
                      ]
                    }
                  ]
                }
              ]
            }
          ]
        }
      ],
      "parameters": []
    },
    {
      "type": "BuiltinCommonInstructions::Standard",
      "conditions": [],
      "actions": []
    },
    {
      "colorB": 228,
      "colorG": 176,
      "colorR": 74,
      "creationTime": 0,
      "name": "Health",
      "source": "",
      "type": "BuiltinCommonInstructions::Group",
      "events": [
        {
          "type": "BuiltinCommonInstructions::Standard",
          "conditions": [],
          "actions": [
            {
              "type": {
                "value": "TextObject::String"
              },
              "parameters": [
                "Count",
                "=",
                "\"\" + ToString(GlobalVariable(Medkit_Count))"
              ]
            }
          ]
        },
        {
          "type": "BuiltinCommonInstructions::Standard",
          "conditions": [],
          "actions": [
            {
              "type": {
                "value": "PanelSpriteContinuousBar::PanelSpriteContinuousBar::SetValue"
              },
              "parameters": [
                "MetalRedBar",
                "=",
                "GlobalVariable(Health)",
                ""
              ]
            }
          ]
        },
        {
          "type": "BuiltinCommonInstructions::Standard",
          "conditions": [
            {
              "type": {
                "value": "CollisionNP"
              },
              "parameters": [
                "Human",
                "star",
                "",
                "",
                ""
              ]
            }
          ],
          "actions": [
            {
              "type": {
                "value": "ModVarGlobal"
              },
              "parameters": [
                "Health",
                "-",
                "1"
              ]
            }
          ]
        },
        {
          "type": "BuiltinCommonInstructions::Standard",
          "conditions": [
            {
              "type": {
                "inverted": true,
                "value": "CollisionNP"
              },
              "parameters": [
                "Human",
                "Medkit",
                "",
                "",
                ""
              ]
            }
          ],
          "actions": [
            {
              "type": {
                "value": "Cache"
              },
              "parameters": [
                "Other_pickup"
              ]
            }
          ]
        },
        {
          "type": "BuiltinCommonInstructions::Standard",
          "conditions": [
            {
              "type": {
                "value": "CollisionNP"
              },
              "parameters": [
                "Human",
                "Medkit",
                "",
                "",
                ""
              ]
            }
          ],
          "actions": [
            {
              "type": {
                "value": "Montre"
              },
              "parameters": [
                "Other_pickup",
                ""
              ]
            }
          ],
          "events": [
            {
              "type": "BuiltinCommonInstructions::Standard",
              "conditions": [
                {
                  "type": {
                    "value": "CollisionNP"
                  },
                  "parameters": [
                    "Human",
                    "Medkit",
                    "",
                    "",
                    ""
                  ]
                },
                {
                  "type": {
                    "value": "KeyPressed"
                  },
                  "parameters": [
                    "",
                    "e"
                  ]
                }
              ],
              "actions": [
                {
                  "type": {
                    "value": "Delete"
                  },
                  "parameters": [
                    "Medkit",
                    ""
                  ]
                },
                {
                  "type": {
                    "value": "Delete"
                  },
                  "parameters": [
                    "Other_pickup",
                    ""
                  ]
                },
                {
                  "type": {
                    "value": "ModVarGlobal"
                  },
                  "parameters": [
                    "Medkit_Count",
                    "+",
                    "1"
                  ]
                }
              ]
            }
          ]
        },
        {
          "type": "BuiltinCommonInstructions::Standard",
          "conditions": [
            {
              "type": {
                "value": "KeyPressed"
              },
              "parameters": [
                "",
                "t"
              ]
            },
            {
              "type": {
                "value": "VarGlobal"
              },
              "parameters": [
                "Medkit_Count",
                ">",
                "0"
              ]
            }
          ],
          "actions": [
            {
              "type": {
                "value": "ModVarGlobal"
              },
              "parameters": [
                "Medkit_Count",
                "-",
                "1"
              ]
            },
            {
              "type": {
                "value": "ModVarGlobal"
              },
              "parameters": [
                "Health",
                "+",
                "5"
              ]
            },
            {
              "type": {
                "value": "PanelSpriteContinuousBar::PanelSpriteContinuousBar::SetValue"
              },
              "parameters": [
                "MetalRedBar",
                "+",
                "5",
                ""
              ]
            }
          ]
        }
      ],
      "parameters": []
    },
    {
      "type": "BuiltinCommonInstructions::Standard",
      "conditions": [
        {
          "type": {
            "value": "DepartScene"
          },
          "parameters": [
            ""
          ]
        },
        {
          "type": {
            "value": "BuiltinCommonInstructions::Once"
          },
          "parameters": []
        }
      ],
      "actions": [
        {
          "type": {
            "value": "PlayMusicCanal"
          },
          "parameters": [
            "",
            "Dream.mp3",
            "1",
            "yes",
            "100",
            "1"
          ]
        }
      ]
    }
  ],
  "layers": [
    {
      "ambientLightColorB": 200,
      "ambientLightColorG": 200,
      "ambientLightColorR": 200,
      "camera3DFarPlaneDistance": 10000,
      "camera3DFieldOfView": 45,
      "camera3DNearPlaneDistance": 3,
      "followBaseLayerCamera": false,
      "isLightingLayer": false,
      "isLocked": false,
      "name": "backing_background",
      "renderingType": "",
      "visibility": true,
      "cameras": [],
      "effects": [
        {
          "effectType": "Scene3D::HemisphereLight",
          "name": "3D Light",
          "doubleParameters": {
            "elevation": 45,
            "intensity": 1,
            "rotation": 0
          },
          "stringParameters": {
            "groundColor": "64;64;64",
            "skyColor": "255;255;255",
            "top": "Y-"
          },
          "booleanParameters": {}
        }
      ]
    },
    {
      "ambientLightColorB": 0,
      "ambientLightColorG": 8042920,
      "ambientLightColorR": 16,
      "camera3DFarPlaneDistance": 10000,
      "camera3DFieldOfView": 45,
      "camera3DNearPlaneDistance": 0.1,
      "followBaseLayerCamera": false,
      "isLightingLayer": false,
      "isLocked": false,
      "name": "",
      "renderingType": "",
      "visibility": true,
      "cameras": [
        {
          "defaultSize": true,
          "defaultViewport": true,
          "height": 0,
          "viewportBottom": 1,
          "viewportLeft": 0,
          "viewportRight": 1,
          "viewportTop": 0,
          "width": 0
        }
      ],
      "effects": []
    },
    {
      "ambientLightColorB": 200,
      "ambientLightColorG": 200,
      "ambientLightColorR": 200,
      "camera3DFarPlaneDistance": 10000,
      "camera3DFieldOfView": 45,
      "camera3DNearPlaneDistance": 3,
      "followBaseLayerCamera": false,
      "isLightingLayer": false,
      "isLocked": false,
      "name": "background",
      "renderingType": "",
      "visibility": true,
      "cameras": [],
      "effects": [
        {
          "effectType": "Scene3D::HemisphereLight",
          "name": "3D Light",
          "doubleParameters": {
            "elevation": 45,
            "intensity": 1,
            "rotation": 0
          },
          "stringParameters": {
            "groundColor": "64;64;64",
            "skyColor": "255;255;255",
            "top": "Y-"
          },
          "booleanParameters": {}
        }
      ]
    },
    {
      "ambientLightColorB": 200,
      "ambientLightColorG": 200,
      "ambientLightColorR": 200,
      "camera3DFarPlaneDistance": 10000,
      "camera3DFieldOfView": 45,
      "camera3DNearPlaneDistance": 0.1,
      "followBaseLayerCamera": false,
      "isLightingLayer": false,
      "isLocked": false,
      "name": "info",
      "renderingType": "",
      "visibility": true,
      "cameras": [],
      "effects": []
    }
  ],
  "behaviorsSharedData": [
    {
      "name": "Animation",
      "type": "AnimatableCapability::AnimatableBehavior"
    },
    {
      "name": "Effect",
      "type": "EffectCapability::EffectBehavior"
    },
    {
      "name": "FireBullet",
      "type": "FireBullet::FireBullet"
    },
    {
      "name": "Flippable",
      "type": "FlippableCapability::FlippableBehavior"
    },
    {
      "name": "Health",
      "type": "Health::Health"
    },
    {
      "name": "Opacity",
      "type": "OpacityCapability::OpacityBehavior"
    },
    {
      "name": "PathfindingObstacle",
      "type": "PathfindingBehavior::PathfindingObstacleBehavior"
    },
    {
      "name": "Platform",
      "type": "PlatformBehavior::PlatformBehavior"
    },
    {
      "name": "PlatformerObject",
      "type": "PlatformBehavior::PlatformerObjectBehavior"
    },
    {
      "name": "RemapForPlatformer",
      "type": "BehaviorRemapper::RemapForPlatformer"
    },
    {
      "name": "Resizable",
      "type": "ResizableCapability::ResizableBehavior"
    },
    {
      "name": "Scale",
      "type": "ScalableCapability::ScalableBehavior"
    },
    {
      "name": "Text",
      "type": "TextContainerCapability::TextContainerBehavior"
    },
    {
      "name": "ThreeDFlip",
      "type": "ThreeDFlip::ThreeDFlip"
    }
  ]
}