{
  "b": 167,
  "disableInputWhenNotFocused": true,
  "mangledName": "Main_32Menu",
  "name": "Main Menu",
  "r": 167,
  "standardSortMethod": true,
  "stopSoundsOnStartup": true,
  "title": "",
  "v": 167,
  "uiSettings": {
    "grid": false,
    "gridType": "rectangular",
    "gridWidth": 32,
    "gridHeight": 32,
    "gridOffsetX": 0,
    "gridOffsetY": 0,
    "gridColor": 10401023,
    "gridAlpha": 0.8,
    "snap": false,
    "zoomFactor": 0.3645833333333333,
    "windowMask": false
  },
  "objectsGroups": [],
  "variables": [],
  "instances": [
    {
      "angle": 0,
      "customSize": true,
      "depth": 1,
      "height": 128,
      "layer": "",
      "name": "Jurassic_Park",
      "persistentUuid": "bb39ad07-6572-42f2-b222-1963e634425b",
      "width": 864,
      "x": 624,
      "y": 285,
      "zOrder": 1,
      "numberProperties": [],
      "stringProperties": [],
      "initialVariables": []
    },
    {
      "angle": 0,
      "customSize": true,
      "depth": 32,
      "height": 128,
      "layer": "",
      "name": "Play_button",
      "persistentUuid": "50a265f9-dc0b-4f06-8b71-0747fc362e5b",
      "width": 256,
      "x": 688,
      "y": 477,
      "zOrder": 2,
      "numberProperties": [],
      "stringProperties": [],
      "initialVariables": []
    },
    {
      "angle": 0,
      "customSize": true,
      "depth": 32,
      "height": 128,
      "layer": "",
      "name": "Dino_Droppings",
      "persistentUuid": "453f4125-7134-49c5-beb3-1afc2d9e5053",
      "width": 320,
      "x": 1072,
      "y": 477,
      "zOrder": 3,
      "numberProperties": [],
      "stringProperties": [],
      "initialVariables": []
    }
  ],
  "objects": [
    {
      "assetStoreId": "",
      "bold": false,
      "italic": false,
      "name": "Jurassic_Park",
      "smoothed": true,
      "type": "TextObject::Text",
      "underlined": false,
      "variables": [],
      "effects": [],
      "behaviors": [],
      "string": "Jurassic Park",
      "font": "assets\\bm_army\\BMarmy.TTF",
      "textAlignment": "left",
      "characterSize": 100,
      "color": {
        "b": 0,
        "g": 0,
        "r": 0
      }
    },
    {
      "assetStoreId": "f0c3d7ae6099e3b9b8beed4e30b555107550b4fb2a5879e984a014b1e06865bf",
      "name": "Play_button",
      "type": "PanelSpriteButton::PanelSpriteButton",
      "variables": [],
      "effects": [],
      "behaviors": [],
      "content": {
        "LeftPadding": 0,
        "RightPadding": 0,
        "PressedLabelOffsetY": 4,
        "BottomPadding": 6,
        "TopPadding": 0,
        "HoveredFadeOutDuration": 0
      },
      "childrenContent": {
        "Hovered": {
          "bottomMargin": 10,
          "height": 64,
          "leftMargin": 6,
          "rightMargin": 6,
          "texture": "Transparent Button With White Blue Border_Hovered.png",
          "tiled": false,
          "topMargin": 10,
          "width": 192
        },
        "Idle": {
          "bottomMargin": 10,
          "height": 64,
          "leftMargin": 6,
          "rightMargin": 6,
          "texture": "Transparent Button With White Blue Border_Idle.png",
          "tiled": false,
          "topMargin": 10,
          "width": 192
        },
        "Label": {
          "bold": false,
          "italic": false,
          "smoothed": true,
          "underlined": false,
          "string": "\nPLAY",
          "font": "FiveFontsatFreddy's-Regular.ttf",
          "textAlignment": "center",
          "characterSize": 45,
          "color": {
            "b": 255,
            "g": 255,
            "r": 255
          }
        },
        "Pressed": {
          "bottomMargin": 10,
          "height": 64,
          "leftMargin": 6,
          "rightMargin": 6,
          "texture": "Transparent Button With White Blue Border_Pressed.png",
          "tiled": false,
          "topMargin": 10,
          "width": 192
        }
      }
    },
    {
      "assetStoreId": "f0c3d7ae6099e3b9b8beed4e30b555107550b4fb2a5879e984a014b1e06865bf",
      "name": "Dino_Droppings",
      "type": "PanelSpriteButton::PanelSpriteButton",
      "variables": [],
      "effects": [],
      "behaviors": [],
      "content": {
        "LeftPadding": 0,
        "RightPadding": 0,
        "PressedLabelOffsetY": 4,
        "BottomPadding": 6,
        "TopPadding": 0,
        "HoveredFadeOutDuration": 0
      },
      "childrenContent": {
        "Hovered": {
          "bottomMargin": 10,
          "height": 64,
          "leftMargin": 6,
          "rightMargin": 6,
          "texture": "Transparent Button With White Blue Border_Hovered.png",
          "tiled": false,
          "topMargin": 10,
          "width": 192
        },
        "Idle": {
          "bottomMargin": 10,
          "height": 64,
          "leftMargin": 6,
          "rightMargin": 6,
          "texture": "Transparent Button With White Blue Border_Idle.png",
          "tiled": false,
          "topMargin": 10,
          "width": 192
        },
        "Label": {
          "bold": false,
          "italic": false,
          "smoothed": true,
          "underlined": false,
          "string": "\nDino\nDroppings",
          "font": "FiveFontsatFreddy's-Regular.ttf",
          "textAlignment": "center",
          "characterSize": 45,
          "color": {
            "b": 255,
            "g": 255,
            "r": 255
          }
        },
        "Pressed": {
          "bottomMargin": 10,
          "height": 64,
          "leftMargin": 6,
          "rightMargin": 6,
          "texture": "Transparent Button With White Blue Border_Pressed.png",
          "tiled": false,
          "topMargin": 10,
          "width": 192
        }
      }
    }
  ],
  "objectsFolderStructure": {
    "folderName": "__ROOT",
    "children": [
      {
        "objectName": "Jurassic_Park"
      },
      {
        "objectName": "Play_button"
      },
      {
        "objectName": "Dino_Droppings"
      }
    ]
  },
  "events": [
    {
      "type": "BuiltinCommonInstructions::Standard",
      "conditions": [
        {
          "type": {
            "value": "PanelSpriteButton::PanelSpriteButton::IsClicked"
          },
          "parameters": [
            "Play_button",
            ""
          ]
        }
      ],
      "actions": [
        {
          "type": {
            "value": "Scene"
          },
          "parameters": [
            "",
            "\"Loading Screen\"",
            ""
          ]
        },
        {
          "type": {
            "value": "ModVarGlobal"
          },
          "parameters": [
            "Loading_Screen",
            "=",
            "0"
          ]
        },
        {
          "type": {
            "value": "ModVarGlobal"
          },
          "parameters": [
            "Loading_Screen",
            "+",
            "1"
          ]
        }
      ]
    },
    {
      "type": "BuiltinCommonInstructions::Standard",
      "conditions": [
        {
          "type": {
            "value": "PanelSpriteButton::PanelSpriteButton::IsPressed"
          },
          "parameters": [
            "Dino_Droppings",
            ""
          ]
        }
      ],
      "actions": [
        {
          "type": {
            "value": "Scene"
          },
          "parameters": [
            "",
            "\"Dino_Droppings\"",
            ""
          ]
        }
      ]
    },
    {
      "type": "BuiltinCommonInstructions::Standard",
      "conditions": [
        {
          "type": {
            "value": "DepartScene"
          },
          "parameters": [
            ""
          ]
        }
      ],
      "actions": [
        {
          "type": {
            "value": "PreloadMusic"
          },
          "parameters": [
            "",
            "main-menu-better_main.mp3"
          ]
        },
        {
          "type": {
            "value": "PlayMusicCanal"
          },
          "parameters": [
            "",
            "main-menu-better_main.mp3",
            "1",
            "yes",
            "75",
            "1"
          ]
        }
      ]
    }
  ],
  "layers": [
    {
      "ambientLightColorB": 200,
      "ambientLightColorG": 200,
      "ambientLightColorR": 200,
      "camera3DFarPlaneDistance": 10000,
      "camera3DFieldOfView": 45,
      "camera3DNearPlaneDistance": 0.1,
      "followBaseLayerCamera": false,
      "isLightingLayer": false,
      "isLocked": false,
      "name": "",
      "renderingType": "",
      "visibility": true,
      "cameras": [
        {
          "defaultSize": true,
          "defaultViewport": true,
          "height": 0,
          "viewportBottom": 1,
          "viewportLeft": 0,
          "viewportRight": 1,
          "viewportTop": 0,
          "width": 0
        }
      ],
      "effects": [
        {
          "effectType": "Scene3D::HemisphereLight",
          "name": "3D Light",
          "doubleParameters": {
            "elevation": 45,
            "intensity": 1,
            "rotation": 0
          },
          "stringParameters": {
            "groundColor": "64;64;64",
            "skyColor": "255;255;255",
            "top": "Y-"
          },
          "booleanParameters": {}
        }
      ]
    }
  ],
  "behaviorsSharedData": [
    {
      "name": "Animation",
      "type": "AnimatableCapability::AnimatableBehavior"
    },
    {
      "name": "Effect",
      "type": "EffectCapability::EffectBehavior"
    },
    {
      "name": "FireBullet",
      "type": "FireBullet::FireBullet"
    },
    {
      "name": "Flippable",
      "type": "FlippableCapability::FlippableBehavior"
    },
    {
      "name": "Health",
      "type": "Health::Health"
    },
    {
      "name": "Opacity",
      "type": "OpacityCapability::OpacityBehavior"
    },
    {
      "name": "PathfindingObstacle",
      "type": "PathfindingBehavior::PathfindingObstacleBehavior"
    },
    {
      "name": "Platform",
      "type": "PlatformBehavior::PlatformBehavior"
    },
    {
      "name": "PlatformerObject",
      "type": "PlatformBehavior::PlatformerObjectBehavior"
    },
    {
      "name": "RemapForPlatformer",
      "type": "BehaviorRemapper::RemapForPlatformer"
    },
    {
      "name": "Resizable",
      "type": "ResizableCapability::ResizableBehavior"
    },
    {
      "name": "Scale",
      "type": "ScalableCapability::ScalableBehavior"
    },
    {
      "name": "Text",
      "type": "TextContainerCapability::TextContainerBehavior"
    },
    {
      "name": "ThreeDFlip",
      "type": "ThreeDFlip::ThreeDFlip"
    }
  ]
}