{
  "b": 209,
  "disableInputWhenNotFocused": true,
  "mangledName": "Scene_324",
  "name": "Scene 4",
  "r": 209,
  "standardSortMethod": true,
  "stopSoundsOnStartup": true,
  "title": "",
  "v": 209,
  "uiSettings": {
    "grid": true,
    "gridType": "rectangular",
    "gridWidth": 32,
    "gridHeight": 32,
    "gridOffsetX": 0,
    "gridOffsetY": 0,
    "gridColor": 10401023,
    "gridAlpha": 0.8,
    "snap": true,
    "zoomFactor": 0.9538618542089543,
    "windowMask": false
  },
  "objectsGroups": [],
  "variables": [],
  "instances": [
    {
      "angle": 0,
      "customSize": true,
      "depth": 1,
      "height": 64,
      "layer": "",
      "name": "Invis_Block",
      "persistentUuid": "3bc182f4-651b-4c89-a2cf-1ce06f4f44af",
      "width": 9184,
      "x": -864,
      "y": 1216,
      "zOrder": 1,
      "numberProperties": [],
      "stringProperties": [],
      "initialVariables": []
    },
    {
      "angle": 0,
      "customSize": true,
      "depth": 1,
      "height": 224,
      "layer": "",
      "name": "Dino_Corpse",
      "persistentUuid": "0879c7c2-44ef-4eac-a0be-149bf5b962e2",
      "width": 256,
      "x": 384,
      "y": 992,
      "zOrder": 2,
      "numberProperties": [],
      "stringProperties": [],
      "initialVariables": []
    },
    {
      "angle": 0,
      "customSize": true,
      "depth": 1,
      "height": 94,
      "layer": "",
      "name": "Human",
      "persistentUuid": "42759e4f-cb74-4adf-951f-ef7b5f774f5a",
      "width": 94,
      "x": -512,
      "y": 1120,
      "zOrder": 3,
      "numberProperties": [],
      "stringProperties": [],
      "initialVariables": []
    },
    {
      "angle": 0,
      "customSize": false,
      "height": 0,
      "layer": "",
      "name": "Examine",
      "persistentUuid": "6d815f04-a3ae-4178-9ede-6f0db0e077b4",
      "width": 0,
      "x": 69,
      "y": 928,
      "zOrder": 4,
      "numberProperties": [],
      "stringProperties": [],
      "initialVariables": []
    },
    {
      "angle": 0,
      "customSize": true,
      "depth": 0,
      "height": 128,
      "layer": "Health",
      "name": "humannnn",
      "persistentUuid": "c41becc1-5bd3-44b5-b2ed-45444b201478",
      "width": 128,
      "x": 32,
      "y": 32,
      "zOrder": 5,
      "numberProperties": [],
      "stringProperties": [],
      "initialVariables": []
    },
    {
      "angle": 0,
      "customSize": true,
      "depth": 32,
      "height": 32,
      "layer": "Health",
      "name": "MetalRedBar",
      "persistentUuid": "5dfd5563-7421-4527-bf5b-bc00d8697c06",
      "width": 256,
      "x": 160,
      "y": 32,
      "zOrder": 6,
      "numberProperties": [],
      "stringProperties": [],
      "initialVariables": []
    },
    {
      "angle": 0,
      "customSize": false,
      "height": 0,
      "layer": "Health",
      "name": "Medkit_Display",
      "persistentUuid": "64bbe6b3-98a5-435d-8e55-4281101cc905",
      "width": 0,
      "x": 161,
      "y": 62,
      "zOrder": 7,
      "numberProperties": [],
      "stringProperties": [],
      "initialVariables": []
    },
    {
      "angle": 0,
      "customSize": true,
      "depth": 1,
      "height": 23,
      "layer": "Health",
      "name": "Count",
      "persistentUuid": "9b831a07-2d22-44c9-a53b-e9a0fedd1f71",
      "width": 26,
      "x": 239,
      "y": 87,
      "zOrder": 8,
      "numberProperties": [],
      "stringProperties": [],
      "initialVariables": []
    },
    {
      "angle": 0,
      "customSize": true,
      "depth": 1,
      "height": 41,
      "layer": "",
      "name": "Rifle",
      "persistentUuid": "faed5c7c-d520-4095-81c7-6ba97084ac69",
      "width": 46,
      "x": -244,
      "y": 1071,
      "zOrder": 9,
      "numberProperties": [],
      "stringProperties": [],
      "initialVariables": []
    },
    {
      "angle": 0,
      "customSize": true,
      "depth": 1,
      "height": 57,
      "layer": "",
      "name": "Shotgun",
      "persistentUuid": "c954036a-1690-40f5-a883-9fbfe7c1ef4e",
      "width": 68,
      "x": 148,
      "y": 59,
      "zOrder": 12,
      "numberProperties": [],
      "stringProperties": [],
      "initialVariables": []
    },
    {
      "angle": 0,
      "customSize": false,
      "height": 0,
      "layer": "",
      "name": "Dino_Corpse",
      "persistentUuid": "e3c45c4a-fbdf-4093-aeb4-6b9cb358e278",
      "width": 0,
      "x": -52,
      "y": 1110,
      "zOrder": 13,
      "numberProperties": [],
      "stringProperties": [],
      "initialVariables": []
    },
    {
      "angle": 0,
      "customSize": true,
      "depth": 1,
      "height": 100,
      "layer": "",
      "name": "Grass",
      "persistentUuid": "5d44ab84-fb96-41bc-8c93-b339e49684a9",
      "width": 9237,
      "x": -879,
      "y": 1214,
      "zOrder": 14,
      "numberProperties": [],
      "stringProperties": [],
      "initialVariables": []
    }
  ],
  "objects": [
    {
      "adaptCollisionMaskAutomatically": true,
      "assetStoreId": "",
      "name": "Dino_Corpse",
      "type": "Sprite",
      "updateIfNotVisible": false,
      "variables": [],
      "effects": [],
      "behaviors": [],
      "animations": [
        {
          "name": "Bones",
          "useMultipleDirections": false,
          "directions": [
            {
              "looping": false,
              "metadata": "{\"pskl\":{}}",
              "timeBetweenFrames": 0.08,
              "sprites": [
                {
                  "hasCustomCollisionMask": true,
                  "image": "assets\\StackOfBones.png",
                  "points": [],
                  "originPoint": {
                    "name": "origine",
                    "x": 0,
                    "y": 0
                  },
                  "centerPoint": {
                    "automatic": true,
                    "name": "centre",
                    "x": 0,
                    "y": 0
                  },
                  "customCollisionMask": [
                    [
                      {
                        "x": 48,
                        "y": 58
                      },
                      {
                        "x": 154,
                        "y": 58
                      },
                      {
                        "x": 154,
                        "y": 116
                      },
                      {
                        "x": 48,
                        "y": 116
                      }
                    ]
                  ]
                }
              ]
            }
          ]
        }
      ]
    },
    {
      "assetStoreId": "",
      "bold": false,
      "italic": false,
      "name": "Examine",
      "smoothed": true,
      "type": "TextObject::Text",
      "underlined": false,
      "variables": [],
      "effects": [],
      "behaviors": [],
      "string": "E",
      "font": "",
      "textAlignment": "center",
      "characterSize": 40,
      "color": {
        "b": 0,
        "g": 0,
        "r": 0
      }
    },
    {
      "adaptCollisionMaskAutomatically": true,
      "assetStoreId": "",
      "name": "Carno",
      "type": "Sprite",
      "updateIfNotVisible": false,
      "variables": [],
      "effects": [],
      "behaviors": [
        {
          "name": "Pathfinding",
          "type": "PathfindingBehavior::PathfindingBehavior",
          "rotateObject": false,
          "acceleration": 400,
          "allowDiagonals": true,
          "angleOffset": 0,
          "angularMaxSpeed": 180,
          "cellHeight": 20,
          "cellWidth": 20,
          "extraBorder": 0,
          "gridOffsetX": 0,
          "gridOffsetY": 0,
          "maxSpeed": 200,
          "smoothingMaxCellGap": 1
        },
        {
          "name": "PlatformerObject",
          "type": "PlatformBehavior::PlatformerObjectBehavior",
          "acceleration": 1500,
          "canGoDownFromJumpthru": true,
          "canGrabPlatforms": false,
          "canGrabWithoutMoving": true,
          "deceleration": 1500,
          "gravity": 1000,
          "ignoreDefaultControls": true,
          "jumpSpeed": 600,
          "jumpSustainTime": 0.2,
          "ladderClimbingSpeed": 150,
          "maxFallingSpeed": 700,
          "maxSpeed": 250,
          "slopeMaxAngle": 60,
          "useLegacyTrajectory": false,
          "xGrabTolerance": 10,
          "yGrabOffset": 0
        }
      ],
      "animations": [
        {
          "name": "Carno",
          "useMultipleDirections": false,
          "directions": [
            {
              "looping": false,
              "timeBetweenFrames": 0.08,
              "sprites": [
                {
                  "hasCustomCollisionMask": true,
                  "image": "assets\\CarnotaurusAttack.png",
                  "points": [],
                  "originPoint": {
                    "name": "origine",
                    "x": 0,
                    "y": 0
                  },
                  "centerPoint": {
                    "automatic": true,
                    "name": "centre",
                    "x": 0,
                    "y": 0
                  },
                  "customCollisionMask": [
                    [
                      {
                        "x": 2,
                        "y": 27
                      },
                      {
                        "x": 399,
                        "y": 27
                      },
                      {
                        "x": 399,
                        "y": 388
                      },
                      {
                        "x": 2,
                        "y": 388
                      }
                    ]
                  ]
                }
              ]
            }
          ]
        },
        {
          "name": "Walking",
          "useMultipleDirections": false,
          "directions": [
            {
              "looping": true,
              "timeBetweenFrames": 0.08,
              "sprites": [
                {
                  "hasCustomCollisionMask": true,
                  "image": "assets\\CarnotaurusRun.png",
                  "points": [],
                  "originPoint": {
                    "name": "origine",
                    "x": 0,
                    "y": 0
                  },
                  "centerPoint": {
                    "automatic": true,
                    "name": "centre",
                    "x": 0,
                    "y": 0
                  },
                  "customCollisionMask": [
                    [
                      {
                        "x": 2,
                        "y": 27
                      },
                      {
                        "x": 399,
                        "y": 27
                      },
                      {
                        "x": 399,
                        "y": 388
                      },
                      {
                        "x": 2,
                        "y": 388
                      }
                    ]
                  ]
                },
                {
                  "hasCustomCollisionMask": true,
                  "image": "assets\\CarnotaurusRun2.png",
                  "points": [],
                  "originPoint": {
                    "name": "origine",
                    "x": 0,
                    "y": 0
                  },
                  "centerPoint": {
                    "automatic": true,
                    "name": "centre",
                    "x": 0,
                    "y": 0
                  },
                  "customCollisionMask": [
                    [
                      {
                        "x": 2,
                        "y": 27
                      },
                      {
                        "x": 399,
                        "y": 27
                      },
                      {
                        "x": 399,
                        "y": 388
                      },
                      {
                        "x": 2,
                        "y": 388
                      }
                    ]
                  ]
                },
                {
                  "hasCustomCollisionMask": true,
                  "image": "assets\\CarnotaurusRun3.png",
                  "points": [],
                  "originPoint": {
                    "name": "origine",
                    "x": 0,
                    "y": 0
                  },
                  "centerPoint": {
                    "automatic": true,
                    "name": "centre",
                    "x": 0,
                    "y": 0
                  },
                  "customCollisionMask": [
                    [
                      {
                        "x": 2,
                        "y": 27
                      },
                      {
                        "x": 399,
                        "y": 27
                      },
                      {
                        "x": 399,
                        "y": 388
                      },
                      {
                        "x": 2,
                        "y": 388
                      }
                    ]
                  ]
                },
                {
                  "hasCustomCollisionMask": true,
                  "image": "assets\\CarnotaurusRun4.png",
                  "points": [],
                  "originPoint": {
                    "name": "origine",
                    "x": 0,
                    "y": 0
                  },
                  "centerPoint": {
                    "automatic": true,
                    "name": "centre",
                    "x": 0,
                    "y": 0
                  },
                  "customCollisionMask": [
                    [
                      {
                        "x": 2,
                        "y": 27
                      },
                      {
                        "x": 399,
                        "y": 27
                      },
                      {
                        "x": 399,
                        "y": 388
                      },
                      {
                        "x": 2,
                        "y": 388
                      }
                    ]
                  ]
                }
              ]
            }
          ]
        }
      ]
    }
  ],
  "objectsFolderStructure": {
    "folderName": "__ROOT",
    "children": [
      {
        "objectName": "Dino_Corpse"
      },
      {
        "objectName": "Examine"
      },
      {
        "objectName": "Carno"
      }
    ]
  },
  "events": [
    {
      "type": "BuiltinCommonInstructions::Standard",
      "conditions": [
        {
          "type": {
            "value": "DepartScene"
          },
          "parameters": [
            ""
          ]
        }
      ],
      "actions": [
        {
          "type": {
            "value": "Cache"
          },
          "parameters": [
            "Examine"
          ]
        },
        {
          "type": {
            "value": "Cache"
          },
          "parameters": [
            "Carno"
          ]
        }
      ]
    },
    {
      "type": "BuiltinCommonInstructions::Standard",
      "conditions": [
        {
          "type": {
            "value": "CollisionNP"
          },
          "parameters": [
            "Human",
            "Finish",
            "",
            "",
            ""
          ]
        }
      ],
      "actions": [
        {
          "type": {
            "value": "ModVarGlobal"
          },
          "parameters": [
            "Loading_Screen",
            "+",
            "1"
          ]
        },
        {
          "type": {
            "value": "Scene"
          },
          "parameters": [
            "",
            "\"Loading Screen\"",
            ""
          ]
        },
        {
          "type": {
            "value": "ZoomCamera"
          },
          "parameters": [
            "",
            "2",
            "",
            ""
          ]
        }
      ]
    },
    {
      "colorB": 228,
      "colorG": 176,
      "colorR": 74,
      "creationTime": 0,
      "name": "Camera",
      "source": "",
      "type": "BuiltinCommonInstructions::Group",
      "events": [
        {
          "type": "BuiltinCommonInstructions::Standard",
          "conditions": [],
          "actions": [
            {
              "type": {
                "value": "CentreCamera"
              },
              "parameters": [
                "",
                "Human",
                "",
                "",
                ""
              ]
            }
          ]
        }
      ],
      "parameters": []
    },
    {
      "type": "BuiltinCommonInstructions::Standard",
      "conditions": [
        {
          "type": {
            "inverted": true,
            "value": "CollisionNP"
          },
          "parameters": [
            "Human",
            "Dino_Corpse",
            "",
            "",
            ""
          ]
        }
      ],
      "actions": [
        {
          "type": {
            "value": "Cache"
          },
          "parameters": [
            "Examine"
          ]
        }
      ]
    },
    {
      "type": "BuiltinCommonInstructions::Standard",
      "conditions": [
        {
          "type": {
            "value": "CollisionNP"
          },
          "parameters": [
            "Human",
            "Dino_Corpse",
            "",
            "",
            ""
          ]
        }
      ],
      "actions": [
        {
          "type": {
            "value": "Montre"
          },
          "parameters": [
            "Examine",
            ""
          ]
        }
      ]
    },
    {
      "type": "BuiltinCommonInstructions::Standard",
      "conditions": [
        {
          "type": {
            "value": "KeyPressed"
          },
          "parameters": [
            "",
            "e"
          ]
        }
      ],
      "actions": []
    },
    {
      "colorB": 228,
      "colorG": 176,
      "colorR": 74,
      "creationTime": 0,
      "name": "Health",
      "source": "",
      "type": "BuiltinCommonInstructions::Group",
      "events": [
        {
          "type": "BuiltinCommonInstructions::Standard",
          "conditions": [],
          "actions": [
            {
              "type": {
                "value": "TextObject::String"
              },
              "parameters": [
                "Count",
                "=",
                "\"\" + ToString(GlobalVariable(Medkit_Count))"
              ]
            }
          ]
        },
        {
          "type": "BuiltinCommonInstructions::Standard",
          "conditions": [],
          "actions": [
            {
              "type": {
                "value": "PanelSpriteContinuousBar::PanelSpriteContinuousBar::SetValue"
              },
              "parameters": [
                "MetalRedBar",
                "=",
                "GlobalVariable(Health)",
                ""
              ]
            }
          ]
        },
        {
          "type": "BuiltinCommonInstructions::Standard",
          "conditions": [
            {
              "type": {
                "value": "CollisionNP"
              },
              "parameters": [
                "Human",
                "star",
                "",
                "",
                ""
              ]
            }
          ],
          "actions": [
            {
              "type": {
                "value": "ModVarGlobal"
              },
              "parameters": [
                "Health",
                "-",
                "1"
              ]
            }
          ]
        },
        {
          "type": "BuiltinCommonInstructions::Standard",
          "conditions": [
            {
              "type": {
                "inverted": true,
                "value": "CollisionNP"
              },
              "parameters": [
                "Human",
                "Medkit",
                "",
                "",
                ""
              ]
            }
          ],
          "actions": [
            {
              "type": {
                "value": "Cache"
              },
              "parameters": [
                "Other_pickup"
              ]
            }
          ]
        },
        {
          "type": "BuiltinCommonInstructions::Standard",
          "conditions": [
            {
              "type": {
                "value": "CollisionNP"
              },
              "parameters": [
                "Human",
                "Medkit",
                "",
                "",
                ""
              ]
            }
          ],
          "actions": [
            {
              "type": {
                "value": "Montre"
              },
              "parameters": [
                "Other_pickup",
                ""
              ]
            }
          ],
          "events": [
            {
              "type": "BuiltinCommonInstructions::Standard",
              "conditions": [
                {
                  "type": {
                    "value": "CollisionNP"
                  },
                  "parameters": [
                    "Human",
                    "Medkit",
                    "",
                    "",
                    ""
                  ]
                },
                {
                  "type": {
                    "value": "KeyPressed"
                  },
                  "parameters": [
                    "",
                    "e"
                  ]
                }
              ],
              "actions": [
                {
                  "type": {
                    "value": "Delete"
                  },
                  "parameters": [
                    "Medkit",
                    ""
                  ]
                },
                {
                  "type": {
                    "value": "Delete"
                  },
                  "parameters": [
                    "Other_pickup",
                    ""
                  ]
                },
                {
                  "type": {
                    "value": "ModVarGlobal"
                  },
                  "parameters": [
                    "Medkit_Count",
                    "+",
                    "1"
                  ]
                }
              ]
            }
          ]
        }
      ],
      "parameters": []
    },
    {
      "colorB": 228,
      "colorG": 176,
      "colorR": 74,
      "creationTime": 0,
      "name": "Weapons",
      "source": "",
      "type": "BuiltinCommonInstructions::Group",
      "events": [
        {
          "type": "BuiltinCommonInstructions::Standard",
          "conditions": [],
          "actions": [
            {
              "type": {
                "value": "ModVarGlobal"
              },
              "parameters": [
                "Pickup",
                "=",
                "1"
              ]
            }
          ]
        },
        {
          "type": "BuiltinCommonInstructions::Standard",
          "conditions": [
            {
              "type": {
                "value": "IsMouseWheelScrollingDown"
              },
              "parameters": [
                ""
              ]
            }
          ],
          "actions": [
            {
              "type": {
                "value": "SetGlobalVariableAsBoolean"
              },
              "parameters": [
                "Weapon",
                "False"
              ]
            }
          ]
        },
        {
          "type": "BuiltinCommonInstructions::Standard",
          "conditions": [
            {
              "type": {
                "value": "IsMouseWheelScrollingUp"
              },
              "parameters": [
                ""
              ]
            }
          ],
          "actions": [
            {
              "type": {
                "value": "SetGlobalVariableAsBoolean"
              },
              "parameters": [
                "Weapon",
                "True"
              ]
            }
          ]
        },
        {
          "type": "BuiltinCommonInstructions::Standard",
          "conditions": [
            {
              "type": {
                "value": "VarGlobal"
              },
              "parameters": [
                "Pickup",
                "=",
                "1"
              ]
            }
          ],
          "actions": [
            {
              "type": {
                "value": "MettreXY"
              },
              "parameters": [
                "Rifle",
                "=",
                "Human.PointX(\"Gun\")",
                "=",
                "Human.PointY(\"Gun\")"
              ]
            },
            {
              "type": {
                "value": "RotateTowardPosition"
              },
              "parameters": [
                "Rifle",
                "MouseX()",
                "MouseY()",
                "0",
                ""
              ]
            },
            {
              "type": {
                "value": "Montre"
              },
              "parameters": [
                "Rifle",
                ""
              ]
            }
          ],
          "events": [
            {
              "type": "BuiltinCommonInstructions::Standard",
              "conditions": [
                {
                  "type": {
                    "value": "GlobalVariableAsBoolean"
                  },
                  "parameters": [
                    "Weapon",
                    "True"
                  ]
                }
              ],
              "actions": [
                {
                  "type": {
                    "value": "Cache"
                  },
                  "parameters": [
                    "Rifle"
                  ]
                },
                {
                  "type": {
                    "value": "Montre"
                  },
                  "parameters": [
                    "Shotgun",
                    ""
                  ]
                },
                {
                  "type": {
                    "value": "MettreXY"
                  },
                  "parameters": [
                    "Shotgun",
                    "=",
                    "Human.PointX(\"Gun\")",
                    "=",
                    "Human.PointY(\"Gun\")"
                  ]
                },
                {
                  "type": {
                    "value": "RotateTowardPosition"
                  },
                  "parameters": [
                    "Shotgun",
                    "MouseX()",
                    "MouseY()",
                    "0",
                    ""
                  ]
                }
              ],
              "events": [
                {
                  "type": "BuiltinCommonInstructions::Standard",
                  "conditions": [
                    {
                      "type": {
                        "value": "MouseButtonPressed"
                      },
                      "parameters": [
                        "",
                        "Left"
                      ]
                    }
                  ],
                  "actions": [
                    {
                      "type": {
                        "value": "FireBullet::FireBullet::FireTowardPosition"
                      },
                      "parameters": [
                        "Shotgun",
                        "FireBullet",
                        "Shotgun.X(\"Bullet\")",
                        "Shotgun.Y(\"Bullet\")",
                        "Bullet",
                        "CursorX()",
                        "CursorY()",
                        "300",
                        ""
                      ]
                    }
                  ]
                }
              ]
            },
            {
              "type": "BuiltinCommonInstructions::Standard",
              "conditions": [
                {
                  "type": {
                    "value": "GlobalVariableAsBoolean"
                  },
                  "parameters": [
                    "Weapon",
                    "="
                  ]
                }
              ],
              "actions": [
                {
                  "type": {
                    "value": "Cache"
                  },
                  "parameters": [
                    "Shotgun"
                  ]
                },
                {
                  "type": {
                    "value": "MettreXY"
                  },
                  "parameters": [
                    "Rifle",
                    "=",
                    "Human.PointX(\"Gun\")",
                    "=",
                    "Human.PointY(\"Gun\")"
                  ]
                },
                {
                  "type": {
                    "value": "RotateTowardPosition"
                  },
                  "parameters": [
                    "Rifle",
                    "MouseX()",
                    "MouseY()",
                    "0",
                    ""
                  ]
                }
              ],
              "events": [
                {
                  "type": "BuiltinCommonInstructions::Standard",
                  "conditions": [
                    {
                      "type": {
                        "value": "MouseButtonPressed"
                      },
                      "parameters": [
                        "",
                        "Left"
                      ]
                    }
                  ],
                  "actions": [
                    {
                      "type": {
                        "value": "FireBullet::FireBullet::FireTowardPosition"
                      },
                      "parameters": [
                        "Rifle",
                        "FireBullet",
                        "Rifle.X(\"Bullet\")",
                        "Rifle.Y(\"Bullet\")",
                        "Bullet",
                        "CursorX()",
                        "CursorY()",
                        "500",
                        ""
                      ]
                    }
                  ]
                }
              ]
            }
          ]
        }
      ],
      "parameters": []
    },
    {
      "colorB": 228,
      "colorG": 176,
      "colorR": 74,
      "creationTime": 0,
      "name": "Boss",
      "source": "",
      "type": "BuiltinCommonInstructions::Group",
      "events": [
        {
          "type": "BuiltinCommonInstructions::Standard",
          "conditions": [
            {
              "type": {
                "value": "CollisionNP"
              },
              "parameters": [
                "Human",
                "Carno",
                "",
                "",
                ""
              ]
            }
          ],
          "actions": [
            {
              "type": {
                "value": "Wait"
              },
              "parameters": [
                "2"
              ]
            },
            {
              "type": {
                "value": "Montre"
              },
              "parameters": [
                "Carno",
                ""
              ]
            }
          ]
        },
        {
          "type": "BuiltinCommonInstructions::Standard",
          "conditions": [
            {
              "type": {
                "value": "RepeatEveryXSeconds::Repeat"
              },
              "parameters": [
                "",
                "\"Follow\"",
                "2",
                ""
              ]
            }
          ],
          "actions": [
            {
              "type": {
                "value": "PathfindingBehavior::Acceleration"
              },
              "parameters": [
                "Carno",
                "Pathfinding",
                "=",
                "600"
              ]
            },
            {
              "type": {
                "value": "PathfindingBehavior::SetDestination"
              },
              "parameters": [
                "Carno",
                "Pathfinding",
                "",
                "Human.X() - 5",
                "Human.Y()"
              ]
            }
          ]
        }
      ],
      "parameters": []
    },
    {
      "colorB": 228,
      "colorG": 176,
      "colorR": 74,
      "creationTime": 0,
      "name": "Animations",
      "source": "",
      "type": "BuiltinCommonInstructions::Group",
      "events": [
        {
          "type": "BuiltinCommonInstructions::Standard",
          "conditions": [
            {
              "type": {
                "inverted": true,
                "value": "CollisionNP"
              },
              "parameters": [
                "Carno",
                "Human",
                "",
                "",
                ""
              ]
            },
            {
              "type": {
                "value": "PlatformBehavior::PlatformerObjectBehavior::IsMovingEvenALittle"
              },
              "parameters": [
                "Carno",
                "PlatformerObject"
              ]
            }
          ],
          "actions": [
            {
              "type": {
                "value": "AnimatableCapability::AnimatableBehavior::SetName"
              },
              "parameters": [
                "Carno",
                "Animation",
                "=",
                "\"Walking\""
              ]
            }
          ]
        },
        {
          "type": "BuiltinCommonInstructions::Standard",
          "conditions": [
            {
              "type": {
                "value": "PlatformBehavior::PlatformerObjectBehavior::IsMovingEvenALittle"
              },
              "parameters": [
                "Carno",
                "PlatformerObject"
              ]
            }
          ],
          "actions": [
            {
              "type": {
                "value": "AnimatableCapability::AnimatableBehavior::SetName"
              },
              "parameters": [
                "Carno",
                "Animation",
                "=",
                "\"Walking\""
              ]
            }
          ]
        },
        {
          "type": "BuiltinCommonInstructions::Standard",
          "conditions": [
            {
              "type": {
                "value": "Health::Health::Health"
              },
              "parameters": [
                "Human",
                "Health",
                "<",
                "8",
                ""
              ]
            },
            {
              "type": {
                "value": "PanelSpriteContinuousBar::PanelSpriteContinuousBar::Value"
              },
              "parameters": [
                "MetalRedBar",
                "<=",
                "8",
                ""
              ]
            },
            {
              "type": {
                "value": "VarGlobal"
              },
              "parameters": [
                "Health",
                "<=",
                "8"
              ]
            }
          ],
          "actions": [
            {
              "type": {
                "value": "AnimatableCapability::AnimatableBehavior::SetName"
              },
              "parameters": [
                "humannnn",
                "Animation",
                "=",
                "\"Hurt\""
              ]
            }
          ]
        },
        {
          "type": "BuiltinCommonInstructions::Standard",
          "conditions": [
            {
              "type": {
                "value": "Health::Health::Health"
              },
              "parameters": [
                "Human",
                "Health",
                "=",
                "0",
                ""
              ]
            },
            {
              "type": {
                "value": "PanelSpriteContinuousBar::PanelSpriteContinuousBar::Value"
              },
              "parameters": [
                "MetalRedBar",
                "=",
                "0",
                ""
              ]
            },
            {
              "type": {
                "value": "VarGlobal"
              },
              "parameters": [
                "Health",
                "=",
                "0"
              ]
            }
          ],
          "actions": [
            {
              "type": {
                "value": "AnimatableCapability::AnimatableBehavior::SetName"
              },
              "parameters": [
                "humannnn",
                "Animation",
                "=",
                "\"Dead\""
              ]
            },
            {
              "type": {
                "value": "Wait"
              },
              "parameters": [
                "3"
              ]
            },
            {
              "type": {
                "value": "Scene"
              },
              "parameters": [
                "",
                "\"Game Over\"",
                ""
              ]
            }
          ]
        },
        {
          "type": "BuiltinCommonInstructions::Standard",
          "conditions": [
            {
              "type": {
                "value": "PlatformBehavior::PlatformerObjectBehavior::IsMovingEvenALittle"
              },
              "parameters": [
                "Human",
                "PlatformerObject"
              ]
            }
          ],
          "actions": [
            {
              "type": {
                "value": "AnimatableCapability::AnimatableBehavior::SetName"
              },
              "parameters": [
                "Human",
                "Animation",
                "=",
                "\"Walking\""
              ]
            }
          ]
        }
      ],
      "parameters": []
    }
  ],
  "layers": [
    {
      "ambientLightColorB": 200,
      "ambientLightColorG": 200,
      "ambientLightColorR": 200,
      "camera3DFarPlaneDistance": 10000,
      "camera3DFieldOfView": 45,
      "camera3DNearPlaneDistance": 0.1,
      "followBaseLayerCamera": false,
      "isLightingLayer": false,
      "isLocked": false,
      "name": "",
      "renderingType": "",
      "visibility": true,
      "cameras": [
        {
          "defaultSize": true,
          "defaultViewport": true,
          "height": 0,
          "viewportBottom": 1,
          "viewportLeft": 0,
          "viewportRight": 1,
          "viewportTop": 0,
          "width": 0
        }
      ],
      "effects": [
        {
          "effectType": "Scene3D::HemisphereLight",
          "name": "3D Light",
          "doubleParameters": {
            "elevation": 45,
            "intensity": 1,
            "rotation": 0
          },
          "stringParameters": {
            "groundColor": "64;64;64",
            "skyColor": "255;255;255",
            "top": "Y-"
          },
          "booleanParameters": {}
        }
      ]
    },
    {
      "ambientLightColorB": 200,
      "ambientLightColorG": 200,
      "ambientLightColorR": 200,
      "camera3DFarPlaneDistance": 10000,
      "camera3DFieldOfView": 45,
      "camera3DNearPlaneDistance": 0.1,
      "followBaseLayerCamera": false,
      "isLightingLayer": false,
      "isLocked": false,
      "name": "Health",
      "renderingType": "",
      "visibility": true,
      "cameras": [],
      "effects": []
    }
  ],
  "behaviorsSharedData": [
    {
      "name": "Animation",
      "type": "AnimatableCapability::AnimatableBehavior"
    },
    {
      "name": "Effect",
      "type": "EffectCapability::EffectBehavior"
    },
    {
      "name": "FireBullet",
      "type": "FireBullet::FireBullet"
    },
    {
      "name": "Flippable",
      "type": "FlippableCapability::FlippableBehavior"
    },
    {
      "name": "Health",
      "type": "Health::Health"
    },
    {
      "name": "Opacity",
      "type": "OpacityCapability::OpacityBehavior"
    },
    {
      "name": "Pathfinding",
      "type": "PathfindingBehavior::PathfindingBehavior"
    },
    {
      "name": "PathfindingObstacle",
      "type": "PathfindingBehavior::PathfindingObstacleBehavior"
    },
    {
      "name": "Platform",
      "type": "PlatformBehavior::PlatformBehavior"
    },
    {
      "name": "PlatformerObject",
      "type": "PlatformBehavior::PlatformerObjectBehavior"
    },
    {
      "name": "RemapForPlatformer",
      "type": "BehaviorRemapper::RemapForPlatformer"
    },
    {
      "name": "Resizable",
      "type": "ResizableCapability::ResizableBehavior"
    },
    {
      "name": "Scale",
      "type": "ScalableCapability::ScalableBehavior"
    },
    {
      "name": "Text",
      "type": "TextContainerCapability::TextContainerBehavior"
    },
    {
      "name": "ThreeDFlip",
      "type": "ThreeDFlip::ThreeDFlip"
    }
  ]
}