{
  "b": 34,
  "disableInputWhenNotFocused": true,
  "mangledName": "Scene_321_45b",
  "name": "Scene 1-b",
  "r": 34,
  "standardSortMethod": true,
  "stopSoundsOnStartup": true,
  "title": "",
  "v": 34,
  "uiSettings": {
    "grid": true,
    "gridType": "rectangular",
    "gridWidth": 32,
    "gridHeight": 32,
    "gridOffsetX": 0,
    "gridOffsetY": 0,
    "gridColor": 10401023,
    "gridAlpha": 0.8,
    "snap": true,
    "zoomFactor": 0.3411856023473466,
    "windowMask": false
  },
  "objectsGroups": [],
  "variables": [
    {
      "folded": true,
      "name": "quick",
      "type": "number",
      "value": 0
    },
    {
      "folded": true,
      "name": "Carno",
      "type": "number",
      "value": 0
    }
  ],
  "instances": [
    {
      "angle": 0,
      "customSize": true,
      "depth": 0,
      "height": 1088,
      "layer": "",
      "name": "Invis_Block",
      "persistentUuid": "c93ce426-c088-4368-b25d-1b9844fb9d87",
      "width": 64,
      "x": 0,
      "y": 0,
      "zOrder": 1,
      "numberProperties": [],
      "stringProperties": [],
      "initialVariables": []
    },
    {
      "angle": 0,
      "customSize": true,
      "depth": 0,
      "height": 64,
      "layer": "",
      "name": "Invis_Block",
      "persistentUuid": "c7953410-1636-4015-927e-9756cae6e646",
      "width": 5472,
      "x": 64,
      "y": 1024,
      "zOrder": 2,
      "numberProperties": [],
      "stringProperties": [],
      "initialVariables": []
    },
    {
      "angle": 0,
      "customSize": true,
      "depth": 0,
      "height": 94,
      "layer": "",
      "name": "Human",
      "persistentUuid": "2bd9bcc8-d1f3-4581-823e-bdce5756e004",
      "width": 96,
      "x": 704,
      "y": 898,
      "zOrder": 7,
      "numberProperties": [],
      "stringProperties": [],
      "initialVariables": []
    },
    {
      "angle": 0,
      "customSize": true,
      "depth": 0,
      "height": 64,
      "layer": "",
      "name": "invis_slope_Right",
      "persistentUuid": "c9d6eba1-ce98-48f9-90f8-175b08089580",
      "width": 1056,
      "x": 1920,
      "y": 960,
      "zOrder": 9,
      "numberProperties": [],
      "stringProperties": [],
      "initialVariables": []
    },
    {
      "angle": 0,
      "customSize": true,
      "depth": 0,
      "height": 64,
      "layer": "",
      "name": "invis_slope_left",
      "persistentUuid": "51c49103-ff93-44b3-b546-2531e85735af",
      "width": 352,
      "x": 2976,
      "y": 960,
      "zOrder": 10,
      "numberProperties": [],
      "stringProperties": [],
      "initialVariables": []
    },
    {
      "angle": 0,
      "customSize": true,
      "depth": 0,
      "height": 640,
      "layer": "",
      "name": "First_Quick_Time",
      "persistentUuid": "826ca796-e7e8-4131-8e1d-40947e1d431b",
      "width": 224,
      "x": 2048,
      "y": 384,
      "zOrder": 11,
      "numberProperties": [],
      "stringProperties": [],
      "initialVariables": []
    },
    {
      "angle": 0,
      "customSize": true,
      "depth": 0,
      "height": 64,
      "layer": "",
      "name": "first_quick",
      "persistentUuid": "e302e428-ce3b-4560-bf82-36b1e3271af7",
      "width": 253,
      "x": 2051,
      "y": 736,
      "zOrder": 12,
      "numberProperties": [],
      "stringProperties": [],
      "initialVariables": []
    },
    {
      "angle": 0,
      "customSize": true,
      "depth": 0,
      "height": 96,
      "layer": "",
      "name": "carno",
      "persistentUuid": "e9b8de4a-8d05-46c4-bf9d-4fd0a4efe948",
      "width": 96,
      "x": 64,
      "y": 928,
      "zOrder": 13,
      "numberProperties": [],
      "stringProperties": [],
      "initialVariables": []
    },
    {
      "angle": 0,
      "customSize": true,
      "depth": 0,
      "height": 160,
      "layer": "",
      "name": "invis_slope_Right",
      "persistentUuid": "d9b178b0-9ef3-42ae-a00e-da482c074263",
      "width": 160,
      "x": 800,
      "y": 864,
      "zOrder": 15,
      "numberProperties": [],
      "stringProperties": [],
      "initialVariables": []
    },
    {
      "angle": 0,
      "customSize": true,
      "depth": 0,
      "height": 160,
      "layer": "",
      "name": "invis_slope_left",
      "persistentUuid": "3f596d0b-2267-4aa5-b9a4-2ed44169d574",
      "width": 192,
      "x": 960,
      "y": 864,
      "zOrder": 16,
      "numberProperties": [],
      "stringProperties": [],
      "initialVariables": []
    },
    {
      "angle": 0,
      "customSize": true,
      "depth": 0,
      "height": 640,
      "layer": "",
      "name": "second_Quick_Time",
      "persistentUuid": "a4609e65-d19a-43a7-bace-63f3566a8e23",
      "width": 224,
      "x": 2496,
      "y": 384,
      "zOrder": 17,
      "numberProperties": [],
      "stringProperties": [],
      "initialVariables": []
    },
    {
      "angle": 0,
      "customSize": true,
      "depth": 0,
      "height": 64,
      "layer": "",
      "name": "Second_Quick_Text",
      "persistentUuid": "1db1c562-7b6e-4e99-ba97-76d49c90163c",
      "width": 224,
      "x": 2496,
      "y": 736,
      "zOrder": 18,
      "numberProperties": [],
      "stringProperties": [],
      "initialVariables": []
    },
    {
      "angle": 0,
      "customSize": true,
      "depth": 0,
      "height": 480,
      "layer": "",
      "name": "invis_slope_Right",
      "persistentUuid": "a751031b-fc95-4f4d-a210-0efb3a4006b0",
      "width": 992,
      "x": 3328,
      "y": 544,
      "zOrder": 19,
      "numberProperties": [],
      "stringProperties": [],
      "initialVariables": []
    },
    {
      "angle": 0,
      "customSize": true,
      "depth": 0,
      "height": 480,
      "layer": "",
      "name": "invis_slope_left",
      "persistentUuid": "93a61749-6817-459c-958a-401f2b39bf00",
      "width": 192,
      "x": 4320,
      "y": 544,
      "zOrder": 20,
      "numberProperties": [],
      "stringProperties": [],
      "initialVariables": []
    },
    {
      "angle": 0,
      "customSize": true,
      "depth": 0,
      "height": 1632,
      "layer": "",
      "name": "Finish",
      "persistentUuid": "53da0653-883b-4450-b38f-b1c5016e60b2",
      "width": 64,
      "x": 5472,
      "y": -480,
      "zOrder": 21,
      "numberProperties": [],
      "stringProperties": [],
      "initialVariables": []
    },
    {
      "angle": 0,
      "customSize": true,
      "depth": 0,
      "height": 640,
      "layer": "",
      "name": "quick_time_three",
      "persistentUuid": "cec16c5a-55a1-44fc-ac93-fbe319100db3",
      "width": 224,
      "x": 3392,
      "y": 416,
      "zOrder": 22,
      "numberProperties": [],
      "stringProperties": [],
      "initialVariables": []
    },
    {
      "angle": 0,
      "customSize": false,
      "height": 0,
      "layer": "",
      "name": "NewText",
      "persistentUuid": "040f0ba8-9e50-4056-af2d-f7a3b9e7124d",
      "width": 0,
      "x": 3392,
      "y": 736,
      "zOrder": 23,
      "numberProperties": [],
      "stringProperties": [],
      "initialVariables": []
    },
    {
      "angle": 0,
      "customSize": true,
      "depth": 0,
      "height": 128,
      "layer": "Health",
      "name": "humannnn",
      "persistentUuid": "ebfc4ca7-36ac-4df8-b4b5-eddcea19b00f",
      "width": 128,
      "x": 32,
      "y": 32,
      "zOrder": 24,
      "numberProperties": [],
      "stringProperties": [],
      "initialVariables": []
    },
    {
      "angle": 0,
      "customSize": true,
      "depth": 32,
      "height": 32,
      "layer": "Health",
      "name": "MetalRedBar",
      "persistentUuid": "6e4b19f8-5a62-43b0-8ed0-9a0c96caf975",
      "width": 256,
      "x": 160,
      "y": 32,
      "zOrder": 25,
      "numberProperties": [],
      "stringProperties": [],
      "initialVariables": []
    },
    {
      "angle": 0,
      "customSize": true,
      "depth": 1,
      "height": 100,
      "layer": "",
      "name": "Grass",
      "persistentUuid": "1208d18f-f39e-4e14-a473-60a971a076cc",
      "width": 7939,
      "x": -883,
      "y": 1024,
      "zOrder": 50,
      "numberProperties": [],
      "stringProperties": [],
      "initialVariables": []
    },
    {
      "angle": 0,
      "customSize": true,
      "depth": 1,
      "height": 1415,
      "layer": "",
      "name": "dirt",
      "persistentUuid": "e8397dd1-7cf1-4c9a-9ae8-5cf3c776b88d",
      "width": 8189,
      "x": -1131,
      "y": 1089,
      "zOrder": 100,
      "numberProperties": [],
      "stringProperties": [],
      "initialVariables": []
    },
    {
      "angle": 40,
      "customSize": true,
      "depth": 1,
      "height": 100,
      "layer": "",
      "name": "Grass",
      "persistentUuid": "5cf5857e-1262-4f13-b47c-43b97f5fb447",
      "width": 438,
      "x": 877,
      "y": 991,
      "zOrder": 44,
      "numberProperties": [],
      "stringProperties": [],
      "initialVariables": []
    },
    {
      "angle": -45,
      "customSize": true,
      "depth": 1,
      "height": 100,
      "layer": "",
      "name": "Grass",
      "persistentUuid": "9e057e4f-49fc-424c-af8a-3a7f6c5f810f",
      "width": 438,
      "x": 622,
      "y": 1003,
      "zOrder": 44,
      "numberProperties": [],
      "stringProperties": [],
      "initialVariables": []
    },
    {
      "angle": 0,
      "customSize": true,
      "depth": 1,
      "height": 120,
      "layer": "",
      "name": "dirt",
      "persistentUuid": "0db687e3-1831-4657-8d00-a629b8e7f194",
      "width": 162,
      "x": 887,
      "y": 993,
      "zOrder": 51,
      "numberProperties": [],
      "stringProperties": [],
      "initialVariables": []
    },
    {
      "angle": 40,
      "customSize": true,
      "depth": 1,
      "height": 57,
      "layer": "",
      "name": "Grass",
      "persistentUuid": "91420fc2-f3a7-4e1e-a16b-375a623a1ac1",
      "width": 80,
      "x": 950,
      "y": 898,
      "zOrder": 46,
      "numberProperties": [],
      "stringProperties": [],
      "initialVariables": []
    },
    {
      "angle": 0,
      "customSize": true,
      "depth": 1,
      "height": 100,
      "layer": "",
      "name": "dirt",
      "persistentUuid": "cc0d7d6e-2b77-48de-a8b6-9715aac1f3db",
      "width": 302,
      "x": 818,
      "y": 1023,
      "zOrder": 52,
      "numberProperties": [],
      "stringProperties": [],
      "initialVariables": []
    },
    {
      "angle": -3.5,
      "customSize": true,
      "depth": 1,
      "height": 100,
      "layer": "",
      "name": "Grass",
      "persistentUuid": "db85b2ba-1793-416e-884f-282acef20d28",
      "width": 1059,
      "x": 1916,
      "y": 991,
      "zOrder": 53,
      "numberProperties": [],
      "stringProperties": [],
      "initialVariables": []
    },
    {
      "angle": 10,
      "customSize": true,
      "depth": 1,
      "height": 100,
      "layer": "",
      "name": "Grass",
      "persistentUuid": "2b220900-d7b0-4a09-8a7a-8c9ebd398a28",
      "width": 450,
      "x": 2960,
      "y": 997,
      "zOrder": 54,
      "numberProperties": [],
      "stringProperties": [],
      "initialVariables": []
    },
    {
      "angle": 334,
      "customSize": true,
      "depth": 1,
      "height": 100,
      "layer": "",
      "name": "Grass",
      "persistentUuid": "9303aeb3-5304-4756-9feb-f548a87a10e2",
      "width": 1321,
      "x": 3078,
      "y": 822,
      "zOrder": 55,
      "numberProperties": [],
      "stringProperties": [],
      "initialVariables": []
    },
    {
      "angle": 67,
      "customSize": true,
      "depth": 1,
      "height": 100,
      "layer": "",
      "name": "Grass",
      "persistentUuid": "ff30887e-0076-4ea0-a326-e5e6ee58b28f",
      "width": 624,
      "x": 4083,
      "y": 795,
      "zOrder": 56,
      "numberProperties": [],
      "stringProperties": [],
      "initialVariables": []
    },
    {
      "angle": 64,
      "customSize": true,
      "depth": 2,
      "height": 1085,
      "layer": "",
      "name": "dirt",
      "persistentUuid": "1391d09e-7e60-48ad-a7cc-7570b85e6a80",
      "width": 1084,
      "x": 3490,
      "y": 828,
      "zOrder": 57,
      "numberProperties": [],
      "stringProperties": [],
      "initialVariables": []
    },
    {
      "angle": 0,
      "customSize": true,
      "depth": 1,
      "height": 100,
      "layer": "",
      "name": "dirt",
      "persistentUuid": "8df773b1-6690-4511-aa79-0fb327021b8e",
      "width": 1878,
      "x": 2674,
      "y": 1057,
      "zOrder": 101,
      "numberProperties": [],
      "stringProperties": [],
      "initialVariables": []
    },
    {
      "angle": 335,
      "customSize": false,
      "height": 0,
      "layer": "",
      "name": "Grass",
      "persistentUuid": "8f33a89f-137d-44ce-89c6-8200685ed8a7",
      "width": 0,
      "x": 4230,
      "y": 560,
      "zOrder": 102,
      "numberProperties": [],
      "stringProperties": [],
      "initialVariables": []
    },
    {
      "angle": 0,
      "customSize": true,
      "depth": 1,
      "height": 356,
      "layer": "",
      "name": "BG",
      "persistentUuid": "7849fe2a-aac2-41ae-8ff7-122656894589",
      "width": 6988,
      "x": 60,
      "y": 674,
      "zOrder": 2,
      "numberProperties": [],
      "stringProperties": [],
      "initialVariables": []
    },
    {
      "angle": 334,
      "customSize": true,
      "depth": 1,
      "height": 350,
      "layer": "",
      "name": "BG",
      "persistentUuid": "6aeeb3b3-4c9f-4712-8ef9-688902c89d55",
      "width": 986,
      "x": 3337,
      "y": 508,
      "zOrder": 3,
      "numberProperties": [],
      "stringProperties": [],
      "initialVariables": []
    }
  ],
  "objects": [
    {
      "adaptCollisionMaskAutomatically": true,
      "assetStoreId": "",
      "name": "First_Quick_Time",
      "type": "Sprite",
      "updateIfNotVisible": false,
      "variables": [],
      "effects": [],
      "behaviors": [],
      "animations": [
        {
          "name": "NewSprite",
          "useMultipleDirections": false,
          "directions": [
            {
              "looping": false,
              "metadata": "{\"pskl\":{}}",
              "timeBetweenFrames": 0.08,
              "sprites": [
                {
                  "hasCustomCollisionMask": true,
                  "image": "assets\\quick_1.png",
                  "points": [],
                  "originPoint": {
                    "name": "origine",
                    "x": 0,
                    "y": 0
                  },
                  "centerPoint": {
                    "automatic": true,
                    "name": "centre",
                    "x": 0,
                    "y": 0
                  },
                  "customCollisionMask": [
                    [
                      {
                        "x": 0,
                        "y": 0
                      },
                      {
                        "x": 64,
                        "y": 0
                      },
                      {
                        "x": 64,
                        "y": 64
                      },
                      {
                        "x": 0,
                        "y": 64
                      }
                    ]
                  ]
                }
              ]
            }
          ]
        }
      ]
    },
    {
      "assetStoreId": "",
      "bold": true,
      "italic": false,
      "name": "first_quick",
      "smoothed": true,
      "type": "TextObject::Text",
      "underlined": false,
      "variables": [],
      "effects": [],
      "behaviors": [],
      "string": "Press M",
      "font": "",
      "textAlignment": "left",
      "characterSize": 60,
      "color": {
        "b": 255,
        "g": 255,
        "r": 255
      }
    },
    {
      "adaptCollisionMaskAutomatically": true,
      "assetStoreId": "",
      "name": "carno",
      "type": "Sprite",
      "updateIfNotVisible": false,
      "variables": [],
      "effects": [],
      "behaviors": [
        {
          "name": "PlatformerObject",
          "type": "PlatformBehavior::PlatformerObjectBehavior",
          "acceleration": 1500,
          "canGoDownFromJumpthru": true,
          "canGrabPlatforms": false,
          "canGrabWithoutMoving": true,
          "deceleration": 1500,
          "gravity": 1000,
          "ignoreDefaultControls": true,
          "jumpSpeed": 600,
          "jumpSustainTime": 0.2,
          "ladderClimbingSpeed": 150,
          "maxFallingSpeed": 700,
          "maxSpeed": 300,
          "slopeMaxAngle": 60,
          "useLegacyTrajectory": false,
          "xGrabTolerance": 10,
          "yGrabOffset": 0
        },
        {
          "name": "RemapForPlatformer",
          "type": "BehaviorRemapper::RemapForPlatformer",
          "Up": "w",
          "Left": "a",
          "Down": "s",
          "Right": "d",
          "Jump": "`",
          "Platformer": "PlatformerObject"
        }
      ],
      "animations": [
        {
          "name": "NewSprite",
          "useMultipleDirections": false,
          "directions": [
            {
              "looping": false,
              "metadata": "{\"pskl\":{}}",
              "timeBetweenFrames": 0.08,
              "sprites": [
                {
                  "hasCustomCollisionMask": true,
                  "image": "assets\\carno_Temp.png",
                  "points": [],
                  "originPoint": {
                    "name": "origine",
                    "x": 0,
                    "y": 0
                  },
                  "centerPoint": {
                    "automatic": true,
                    "name": "centre",
                    "x": 0,
                    "y": 0
                  },
                  "customCollisionMask": [
                    [
                      {
                        "x": 2,
                        "y": 2
                      },
                      {
                        "x": 56,
                        "y": 2
                      },
                      {
                        "x": 56,
                        "y": 64
                      },
                      {
                        "x": 2,
                        "y": 64
                      }
                    ]
                  ]
                }
              ]
            }
          ]
        }
      ]
    },
    {
      "adaptCollisionMaskAutomatically": true,
      "assetStoreId": "",
      "name": "Health_background",
      "type": "Sprite",
      "updateIfNotVisible": false,
      "variables": [],
      "effects": [],
      "behaviors": [],
      "animations": [
        {
          "name": "Health_Background",
          "useMultipleDirections": false,
          "directions": [
            {
              "looping": false,
              "metadata": "{\"pskl\":{}}",
              "timeBetweenFrames": 0.08,
              "sprites": [
                {
                  "hasCustomCollisionMask": true,
                  "image": "assets\\Health_outline.png",
                  "points": [],
                  "originPoint": {
                    "name": "origine",
                    "x": 0,
                    "y": 0
                  },
                  "centerPoint": {
                    "automatic": true,
                    "name": "centre",
                    "x": 0,
                    "y": 0
                  },
                  "customCollisionMask": [
                    [
                      {
                        "x": 0,
                        "y": 4
                      },
                      {
                        "x": 64,
                        "y": 4
                      },
                      {
                        "x": 64,
                        "y": 60
                      },
                      {
                        "x": 0,
                        "y": 60
                      }
                    ]
                  ]
                }
              ]
            }
          ]
        }
      ]
    },
    {
      "adaptCollisionMaskAutomatically": true,
      "assetStoreId": "",
      "name": "second_Quick_Time",
      "type": "Sprite",
      "updateIfNotVisible": false,
      "variables": [],
      "effects": [],
      "behaviors": [],
      "animations": [
        {
          "name": "NewSprite",
          "useMultipleDirections": false,
          "directions": [
            {
              "looping": false,
              "metadata": "{\"pskl\":{}}",
              "timeBetweenFrames": 0.08,
              "sprites": [
                {
                  "hasCustomCollisionMask": true,
                  "image": "assets\\quick_two.png",
                  "points": [],
                  "originPoint": {
                    "name": "origine",
                    "x": 0,
                    "y": 0
                  },
                  "centerPoint": {
                    "automatic": true,
                    "name": "centre",
                    "x": 0,
                    "y": 0
                  },
                  "customCollisionMask": [
                    [
                      {
                        "x": 0,
                        "y": 0
                      },
                      {
                        "x": 64,
                        "y": 0
                      },
                      {
                        "x": 64,
                        "y": 64
                      },
                      {
                        "x": 0,
                        "y": 64
                      }
                    ]
                  ]
                }
              ]
            }
          ]
        }
      ]
    },
    {
      "assetStoreId": "",
      "bold": true,
      "italic": false,
      "name": "Second_Quick_Text",
      "smoothed": true,
      "type": "TextObject::Text",
      "underlined": false,
      "variables": [],
      "effects": [],
      "behaviors": [],
      "string": "Press j",
      "font": "",
      "textAlignment": "left",
      "characterSize": 60,
      "color": {
        "b": 255,
        "g": 255,
        "r": 255
      }
    },
    {
      "assetStoreId": "",
      "height": 180,
      "name": "Health",
      "texture": "assets\\Health.png",
      "type": "TiledSpriteObject::TiledSprite",
      "width": 192,
      "variables": [],
      "effects": [],
      "behaviors": []
    },
    {
      "assetStoreId": "",
      "bold": true,
      "italic": false,
      "name": "Health_Number",
      "smoothed": true,
      "type": "TextObject::Text",
      "underlined": false,
      "variables": [],
      "effects": [],
      "behaviors": [],
      "string": "1",
      "font": "",
      "textAlignment": "center",
      "characterSize": 60,
      "color": {
        "b": 0,
        "g": 0,
        "r": 0
      }
    },
    {
      "adaptCollisionMaskAutomatically": true,
      "assetStoreId": "",
      "name": "test",
      "type": "Sprite",
      "updateIfNotVisible": false,
      "variables": [],
      "effects": [],
      "behaviors": [],
      "animations": [
        {
          "name": "test",
          "useMultipleDirections": false,
          "directions": [
            {
              "looping": false,
              "metadata": "{\"pskl\":{}}",
              "timeBetweenFrames": 0.08,
              "sprites": [
                {
                  "hasCustomCollisionMask": true,
                  "image": "test",
                  "points": [
                    {
                      "name": "test",
                      "x": 32,
                      "y": 32
                    }
                  ],
                  "originPoint": {
                    "name": "origine",
                    "x": 0,
                    "y": 0
                  },
                  "centerPoint": {
                    "automatic": true,
                    "name": "centre",
                    "x": 0,
                    "y": 0
                  },
                  "customCollisionMask": [
                    [
                      {
                        "x": 3,
                        "y": 4
                      },
                      {
                        "x": 54,
                        "y": 4
                      },
                      {
                        "x": 54,
                        "y": 54
                      },
                      {
                        "x": 3,
                        "y": 54
                      }
                    ]
                  ]
                }
              ]
            }
          ]
        }
      ]
    },
    {
      "adaptCollisionMaskAutomatically": true,
      "assetStoreId": "",
      "name": "quick_time_three",
      "type": "Sprite",
      "updateIfNotVisible": false,
      "variables": [],
      "effects": [],
      "behaviors": [],
      "animations": [
        {
          "name": "NewSprite",
          "useMultipleDirections": false,
          "directions": [
            {
              "looping": false,
              "metadata": "{\"pskl\":{}}",
              "timeBetweenFrames": 0.08,
              "sprites": [
                {
                  "hasCustomCollisionMask": true,
                  "image": "NewSprite37",
                  "points": [],
                  "originPoint": {
                    "name": "origine",
                    "x": 0,
                    "y": 0
                  },
                  "centerPoint": {
                    "automatic": true,
                    "name": "centre",
                    "x": 0,
                    "y": 0
                  },
                  "customCollisionMask": [
                    [
                      {
                        "x": 0,
                        "y": 0
                      },
                      {
                        "x": 64,
                        "y": 0
                      },
                      {
                        "x": 64,
                        "y": 64
                      },
                      {
                        "x": 0,
                        "y": 64
                      }
                    ]
                  ]
                }
              ]
            }
          ]
        }
      ]
    },
    {
      "assetStoreId": "",
      "bold": true,
      "italic": false,
      "name": "NewText",
      "smoothed": true,
      "type": "TextObject::Text",
      "underlined": false,
      "variables": [],
      "effects": [],
      "behaviors": [],
      "string": "Press L",
      "font": "",
      "textAlignment": "left",
      "characterSize": 60,
      "color": {
        "b": 255,
        "g": 255,
        "r": 255
      }
    },
    {
      "assetStoreId": "",
      "height": 350,
      "name": "BG",
      "texture": "assets\\Forestbackground.png",
      "type": "TiledSpriteObject::TiledSprite",
      "width": 350,
      "variables": [],
      "effects": [],
      "behaviors": []
    }
  ],
  "objectsFolderStructure": {
    "folderName": "__ROOT",
    "children": [
      {
        "objectName": "First_Quick_Time"
      },
      {
        "objectName": "first_quick"
      },
      {
        "objectName": "carno"
      },
      {
        "objectName": "Health_background"
      },
      {
        "objectName": "second_Quick_Time"
      },
      {
        "objectName": "Second_Quick_Text"
      },
      {
        "objectName": "Health"
      },
      {
        "objectName": "Health_Number"
      },
      {
        "objectName": "test"
      },
      {
        "objectName": "quick_time_three"
      },
      {
        "objectName": "NewText"
      },
      {
        "objectName": "BG"
      }
    ]
  },
  "events": [
    {
      "type": "BuiltinCommonInstructions::Standard",
      "conditions": [],
      "actions": [
        {
          "type": {
            "value": "Cache"
          },
          "parameters": [
            "First_Quick_Time"
          ]
        },
        {
          "type": {
            "value": "Cache"
          },
          "parameters": [
            "first_quick"
          ]
        },
        {
          "type": {
            "value": "Cache"
          },
          "parameters": [
            "second_Quick_Time"
          ]
        },
        {
          "type": {
            "value": "Cache"
          },
          "parameters": [
            "Second_Quick_Text"
          ]
        },
        {
          "type": {
            "value": "Cache"
          },
          "parameters": [
            "quick_time_three"
          ]
        },
        {
          "type": {
            "value": "Cache"
          },
          "parameters": [
            "NewText"
          ]
        },
        {
          "type": {
            "value": "Cache"
          },
          "parameters": [
            "Finish"
          ]
        }
      ]
    },
    {
      "type": "BuiltinCommonInstructions::Standard",
      "conditions": [],
      "actions": [
        {
          "type": {
            "value": "SetCameraCenterX"
          },
          "parameters": [
            "",
            "=",
            "lerp(CameraX(), Human.X(), 0.1)",
            "",
            ""
          ]
        },
        {
          "type": {
            "value": "SetCameraCenterY"
          },
          "parameters": [
            "",
            "=",
            "lerp(CameraY(), Human.Y(), 0.1)",
            "",
            ""
          ]
        },
        {
          "type": {
            "value": "ZoomCamera"
          },
          "parameters": [
            "",
            "2",
            "",
            ""
          ]
        }
      ]
    },
    {
      "type": "BuiltinCommonInstructions::Standard",
      "conditions": [
        {
          "type": {
            "value": "CollisionNP"
          },
          "parameters": [
            "Human",
            "Finish",
            "",
            "",
            ""
          ]
        }
      ],
      "actions": [
        {
          "type": {
            "value": "ModVarGlobal"
          },
          "parameters": [
            "Loading_Screen",
            "+",
            "1"
          ]
        },
        {
          "type": {
            "value": "Scene"
          },
          "parameters": [
            "",
            "\"Loading Screen\"",
            ""
          ]
        }
      ]
    },
    {
      "type": "BuiltinCommonInstructions::Standard",
      "conditions": [
        {
          "type": {
            "value": "DepartScene"
          },
          "parameters": [
            ""
          ]
        }
      ],
      "actions": [
        {
          "type": {
            "value": "Cache"
          },
          "parameters": [
            "invis_slope_Right"
          ]
        },
        {
          "type": {
            "value": "Cache"
          },
          "parameters": [
            "invis_slope_left"
          ]
        },
        {
          "type": {
            "value": "Cache"
          },
          "parameters": [
            "Invis_Block"
          ]
        }
      ]
    },
    {
      "colorB": 228,
      "colorG": 176,
      "colorR": 74,
      "creationTime": 0,
      "name": "Quicktime #1",
      "source": "",
      "type": "BuiltinCommonInstructions::Group",
      "events": [
        {
          "type": "BuiltinCommonInstructions::Standard",
          "conditions": [
            {
              "type": {
                "value": "CollisionNP"
              },
              "parameters": [
                "Human",
                "First_Quick_Time",
                "",
                "",
                ""
              ]
            }
          ],
          "actions": [
            {
              "type": {
                "value": "Montre"
              },
              "parameters": [
                "first_quick",
                ""
              ]
            },
            {
              "type": {
                "value": "ModVarScene"
              },
              "parameters": [
                "quick",
                "=",
                "1"
              ]
            }
          ]
        },
        {
          "type": "BuiltinCommonInstructions::Standard",
          "conditions": [
            {
              "type": {
                "value": "CollisionNP"
              },
              "parameters": [
                "Human",
                "First_Quick_Time",
                "",
                "",
                ""
              ]
            },
            {
              "type": {
                "value": "KeyPressed"
              },
              "parameters": [
                "",
                "m"
              ]
            }
          ],
          "actions": [
            {
              "type": {
                "value": "Delete"
              },
              "parameters": [
                "First_Quick_Time",
                ""
              ]
            },
            {
              "type": {
                "value": "Delete"
              },
              "parameters": [
                "first_quick",
                ""
              ]
            },
            {
              "type": {
                "value": "ModVarScene"
              },
              "parameters": [
                "quick",
                "=",
                "0"
              ]
            },
            {
              "type": {
                "value": "MettreX"
              },
              "parameters": [
                "carno",
                "-",
                "050"
              ]
            }
          ]
        },
        {
          "type": "BuiltinCommonInstructions::Standard",
          "conditions": [
            {
              "type": {
                "value": "VarScene"
              },
              "parameters": [
                "quick",
                "=",
                "1"
              ]
            },
            {
              "type": {
                "inverted": true,
                "value": "CollisionNP"
              },
              "parameters": [
                "Human",
                "First_Quick_Time",
                "",
                "",
                ""
              ]
            }
          ],
          "actions": [
            {
              "type": {
                "value": "ModVarScene"
              },
              "parameters": [
                "quick",
                "=",
                "0"
              ]
            },
            {
              "type": {
                "value": "MettreX"
              },
              "parameters": [
                "carno",
                "+",
                "20"
              ]
            }
          ]
        }
      ],
      "parameters": []
    },
    {
      "colorB": 228,
      "colorG": 176,
      "colorR": 74,
      "creationTime": 0,
      "name": "Quicktime #2",
      "source": "",
      "type": "BuiltinCommonInstructions::Group",
      "events": [
        {
          "type": "BuiltinCommonInstructions::Standard",
          "conditions": [
            {
              "type": {
                "value": "CollisionNP"
              },
              "parameters": [
                "second_Quick_Time",
                "Human",
                "",
                "",
                ""
              ]
            }
          ],
          "actions": [
            {
              "type": {
                "value": "Montre"
              },
              "parameters": [
                "Second_Quick_Text",
                ""
              ]
            },
            {
              "type": {
                "value": "ModVarScene"
              },
              "parameters": [
                "quick",
                "=",
                "2"
              ]
            }
          ]
        },
        {
          "type": "BuiltinCommonInstructions::Standard",
          "conditions": [
            {
              "type": {
                "value": "CollisionNP"
              },
              "parameters": [
                "Human",
                "second_Quick_Time",
                "",
                "",
                ""
              ]
            },
            {
              "type": {
                "value": "KeyPressed"
              },
              "parameters": [
                "",
                "j"
              ]
            }
          ],
          "actions": [
            {
              "type": {
                "value": "Delete"
              },
              "parameters": [
                "second_Quick_Time",
                ""
              ]
            },
            {
              "type": {
                "value": "Delete"
              },
              "parameters": [
                "Second_Quick_Text",
                ""
              ]
            },
            {
              "type": {
                "value": "ModVarScene"
              },
              "parameters": [
                "quick",
                "=",
                "0"
              ]
            },
            {
              "type": {
                "value": "MettreX"
              },
              "parameters": [
                "carno",
                "-",
                "50"
              ]
            }
          ]
        },
        {
          "type": "BuiltinCommonInstructions::Standard",
          "conditions": [
            {
              "type": {
                "value": "VarGlobal"
              },
              "parameters": [
                "quick",
                "=",
                "2"
              ]
            },
            {
              "type": {
                "inverted": true,
                "value": "CollisionNP"
              },
              "parameters": [
                "Human",
                "second_Quick_Time",
                "",
                "",
                ""
              ]
            }
          ],
          "actions": [
            {
              "type": {
                "value": "ModVarScene"
              },
              "parameters": [
                "quick",
                "=",
                "0"
              ]
            },
            {
              "type": {
                "value": "MettreX"
              },
              "parameters": [
                "carno",
                "+",
                "20"
              ]
            }
          ]
        }
      ],
      "parameters": []
    },
    {
      "colorB": 228,
      "colorG": 176,
      "colorR": 74,
      "creationTime": 0,
      "name": "Quicktime #3",
      "source": "",
      "type": "BuiltinCommonInstructions::Group",
      "events": [
        {
          "type": "BuiltinCommonInstructions::Standard",
          "conditions": [
            {
              "type": {
                "value": "CollisionNP"
              },
              "parameters": [
                "quick_time_three",
                "Human",
                "",
                "",
                ""
              ]
            }
          ],
          "actions": [
            {
              "type": {
                "value": "Montre"
              },
              "parameters": [
                "NewText",
                ""
              ]
            },
            {
              "type": {
                "value": "ModVarScene"
              },
              "parameters": [
                "quick",
                "=",
                "3"
              ]
            }
          ]
        },
        {
          "type": "BuiltinCommonInstructions::Standard",
          "conditions": [
            {
              "type": {
                "value": "CollisionNP"
              },
              "parameters": [
                "Human",
                "quick_time_three",
                "",
                "",
                ""
              ]
            },
            {
              "type": {
                "value": "KeyPressed"
              },
              "parameters": [
                "",
                "l"
              ]
            }
          ],
          "actions": [
            {
              "type": {
                "value": "Delete"
              },
              "parameters": [
                "quick_time_three",
                ""
              ]
            },
            {
              "type": {
                "value": "Delete"
              },
              "parameters": [
                "NewText",
                ""
              ]
            },
            {
              "type": {
                "value": "ModVarScene"
              },
              "parameters": [
                "quick",
                "=",
                "0"
              ]
            },
            {
              "type": {
                "value": "MettreX"
              },
              "parameters": [
                "carno",
                "-",
                "50"
              ]
            }
          ]
        },
        {
          "type": "BuiltinCommonInstructions::Standard",
          "conditions": [
            {
              "type": {
                "value": "VarGlobal"
              },
              "parameters": [
                "quick",
                "=",
                "3"
              ]
            },
            {
              "type": {
                "inverted": true,
                "value": "CollisionNP"
              },
              "parameters": [
                "Human",
                "quick_time_three",
                "",
                "",
                ""
              ]
            }
          ],
          "actions": [
            {
              "type": {
                "value": "ModVarScene"
              },
              "parameters": [
                "quick",
                "=",
                "0"
              ]
            },
            {
              "type": {
                "value": "MettreX"
              },
              "parameters": [
                "carno",
                "+",
                "20"
              ]
            }
          ]
        }
      ],
      "parameters": []
    },
    {
      "colorB": 228,
      "colorG": 176,
      "colorR": 74,
      "creationTime": 0,
      "name": "Health",
      "source": "",
      "type": "BuiltinCommonInstructions::Group",
      "events": [
        {
          "type": "BuiltinCommonInstructions::Standard",
          "conditions": [],
          "actions": [
            {
              "type": {
                "value": "PanelSpriteContinuousBar::PanelSpriteContinuousBar::SetValue"
              },
              "parameters": [
                "MetalRedBar",
                "=",
                "GlobalVariable(Health)",
                ""
              ]
            }
          ]
        },
        {
          "type": "BuiltinCommonInstructions::Standard",
          "conditions": [
            {
              "type": {
                "value": "CollisionNP"
              },
              "parameters": [
                "Human",
                "carno",
                "",
                "",
                ""
              ]
            }
          ],
          "actions": [
            {
              "type": {
                "value": "ModVarGlobal"
              },
              "parameters": [
                "Health",
                "-",
                "1"
              ]
            },
            {
              "type": {
                "value": "MettreX"
              },
              "parameters": [
                "carno",
                "-",
                "50"
              ]
            }
          ]
        }
      ],
      "parameters": []
    },
    {
      "colorB": 228,
      "colorG": 176,
      "colorR": 74,
      "creationTime": 0,
      "name": "Weapons",
      "source": "",
      "type": "BuiltinCommonInstructions::Group",
      "events": [
        {
          "type": "BuiltinCommonInstructions::Standard",
          "conditions": [
            {
              "type": {
                "value": "CollisionNP"
              },
              "parameters": [
                "Human",
                "Rifle",
                "",
                "",
                ""
              ]
            }
          ],
          "actions": [
            {
              "type": {
                "value": "Montre"
              },
              "parameters": [
                "pickup",
                ""
              ]
            }
          ]
        },
        {
          "type": "BuiltinCommonInstructions::Standard",
          "conditions": [
            {
              "type": {
                "value": "CollisionNP"
              },
              "parameters": [
                "Human",
                "Rifle",
                "",
                "",
                ""
              ]
            },
            {
              "type": {
                "value": "KeyPressed"
              },
              "parameters": [
                "",
                "e"
              ]
            }
          ],
          "actions": [
            {
              "type": {
                "value": "ModVarGlobal"
              },
              "parameters": [
                "Pickup",
                "=",
                "1"
              ]
            }
          ]
        },
        {
          "type": "BuiltinCommonInstructions::Standard",
          "conditions": [
            {
              "type": {
                "value": "IsMouseWheelScrollingDown"
              },
              "parameters": [
                ""
              ]
            }
          ],
          "actions": [
            {
              "type": {
                "value": "SetGlobalVariableAsBoolean"
              },
              "parameters": [
                "Weapon",
                "False"
              ]
            }
          ]
        },
        {
          "type": "BuiltinCommonInstructions::Standard",
          "conditions": [
            {
              "type": {
                "value": "IsMouseWheelScrollingUp"
              },
              "parameters": [
                ""
              ]
            }
          ],
          "actions": [
            {
              "type": {
                "value": "SetGlobalVariableAsBoolean"
              },
              "parameters": [
                "Weapon",
                "True"
              ]
            }
          ]
        },
        {
          "type": "BuiltinCommonInstructions::Standard",
          "conditions": [
            {
              "type": {
                "value": "VarGlobal"
              },
              "parameters": [
                "Pickup",
                "=",
                "1"
              ]
            }
          ],
          "actions": [
            {
              "type": {
                "value": "MettreXY"
              },
              "parameters": [
                "Rifle",
                "=",
                "Human.PointX(\"Gun\")",
                "=",
                "Human.PointY(\"Gun\")"
              ]
            },
            {
              "type": {
                "value": "RotateTowardPosition"
              },
              "parameters": [
                "Rifle",
                "MouseX()",
                "MouseY()",
                "0",
                ""
              ]
            },
            {
              "type": {
                "value": "Montre"
              },
              "parameters": [
                "Rifle",
                ""
              ]
            },
            {
              "type": {
                "value": "Delete"
              },
              "parameters": [
                "pickup",
                ""
              ]
            }
          ],
          "events": [
            {
              "type": "BuiltinCommonInstructions::Standard",
              "conditions": [
                {
                  "type": {
                    "value": "GlobalVariableAsBoolean"
                  },
                  "parameters": [
                    "Weapon",
                    "="
                  ]
                }
              ],
              "actions": [
                {
                  "type": {
                    "value": "Cache"
                  },
                  "parameters": [
                    "Shotgun"
                  ]
                },
                {
                  "type": {
                    "value": "MettreXY"
                  },
                  "parameters": [
                    "Rifle",
                    "=",
                    "Human.PointX(\"Gun\")",
                    "=",
                    "Human.PointY(\"Gun\")"
                  ]
                },
                {
                  "type": {
                    "value": "RotateTowardPosition"
                  },
                  "parameters": [
                    "Rifle",
                    "MouseX()",
                    "MouseY()",
                    "0",
                    ""
                  ]
                }
              ],
              "events": [
                {
                  "type": "BuiltinCommonInstructions::Standard",
                  "conditions": [
                    {
                      "type": {
                        "value": "MouseButtonPressed"
                      },
                      "parameters": [
                        "",
                        "Left"
                      ]
                    }
                  ],
                  "actions": [
                    {
                      "type": {
                        "value": "FireBullet::FireBullet::FireTowardPosition"
                      },
                      "parameters": [
                        "Rifle",
                        "FireBullet",
                        "Rifle.X(\"Bullet\")",
                        "Rifle.Y(\"Bullet\")",
                        "Bullet",
                        "CursorX()",
                        "CursorY()",
                        "500",
                        ""
                      ]
                    }
                  ]
                }
              ]
            },
            {
              "type": "BuiltinCommonInstructions::Standard",
              "conditions": [
                {
                  "type": {
                    "value": "GlobalVariableAsBoolean"
                  },
                  "parameters": [
                    "Weapon",
                    "True"
                  ]
                }
              ],
              "actions": [
                {
                  "type": {
                    "value": "Cache"
                  },
                  "parameters": [
                    "Rifle"
                  ]
                },
                {
                  "type": {
                    "value": "Montre"
                  },
                  "parameters": [
                    "Shotgun",
                    ""
                  ]
                },
                {
                  "type": {
                    "value": "MettreXY"
                  },
                  "parameters": [
                    "Shotgun",
                    "=",
                    "Human.PointX(\"Gun\")",
                    "=",
                    "Human.PointY(\"Gun\")"
                  ]
                },
                {
                  "type": {
                    "value": "RotateTowardPosition"
                  },
                  "parameters": [
                    "Shotgun",
                    "MouseX()",
                    "MouseY()",
                    "0",
                    ""
                  ]
                }
              ],
              "events": [
                {
                  "type": "BuiltinCommonInstructions::Standard",
                  "conditions": [
                    {
                      "type": {
                        "value": "MouseButtonPressed"
                      },
                      "parameters": [
                        "",
                        "Left"
                      ]
                    }
                  ],
                  "actions": [
                    {
                      "type": {
                        "value": "FireBullet::FireBullet::FireTowardPosition"
                      },
                      "parameters": [
                        "Shotgun",
                        "FireBullet",
                        "Shotgun.X(\"Bullet\")",
                        "Shotgun.Y(\"Bullet\")",
                        "Bullet",
                        "CursorX()",
                        "CursorY()",
                        "300",
                        ""
                      ]
                    }
                  ]
                }
              ]
            }
          ]
        }
      ],
      "parameters": []
    },
    {
      "type": "BuiltinCommonInstructions::Standard",
      "conditions": [],
      "actions": []
    },
    {
      "type": "BuiltinCommonInstructions::Standard",
      "conditions": [
        {
          "type": {
            "value": "DepartScene"
          },
          "parameters": [
            ""
          ]
        },
        {
          "type": {
            "value": "BuiltinCommonInstructions::Once"
          },
          "parameters": []
        }
      ],
      "actions": [
        {
          "type": {
            "value": "PlayMusicCanal"
          },
          "parameters": [
            "",
            "Flight-Carno.mp3",
            "1",
            "yes",
            "100",
            "1"
          ]
        }
      ]
    }
  ],
  "layers": [
    {
      "ambientLightColorB": 200,
      "ambientLightColorG": 200,
      "ambientLightColorR": 200,
      "camera3DFarPlaneDistance": 10000,
      "camera3DFieldOfView": 45,
      "camera3DNearPlaneDistance": 0.1,
      "followBaseLayerCamera": false,
      "isLightingLayer": false,
      "isLocked": false,
      "name": "",
      "renderingType": "",
      "visibility": true,
      "cameras": [
        {
          "defaultSize": true,
          "defaultViewport": true,
          "height": 0,
          "viewportBottom": 1,
          "viewportLeft": 0,
          "viewportRight": 1,
          "viewportTop": 0,
          "width": 0
        }
      ],
      "effects": []
    },
    {
      "ambientLightColorB": 200,
      "ambientLightColorG": 200,
      "ambientLightColorR": 200,
      "camera3DFarPlaneDistance": 10000,
      "camera3DFieldOfView": 45,
      "camera3DNearPlaneDistance": 0.1,
      "followBaseLayerCamera": false,
      "isLightingLayer": false,
      "isLocked": true,
      "name": "Health",
      "renderingType": "",
      "visibility": true,
      "cameras": [],
      "effects": []
    }
  ],
  "behaviorsSharedData": [
    {
      "name": "Animation",
      "type": "AnimatableCapability::AnimatableBehavior"
    },
    {
      "name": "Effect",
      "type": "EffectCapability::EffectBehavior"
    },
    {
      "name": "FireBullet",
      "type": "FireBullet::FireBullet"
    },
    {
      "name": "Flippable",
      "type": "FlippableCapability::FlippableBehavior"
    },
    {
      "name": "Health",
      "type": "Health::Health"
    },
    {
      "name": "Opacity",
      "type": "OpacityCapability::OpacityBehavior"
    },
    {
      "name": "PathfindingObstacle",
      "type": "PathfindingBehavior::PathfindingObstacleBehavior"
    },
    {
      "name": "Platform",
      "type": "PlatformBehavior::PlatformBehavior"
    },
    {
      "name": "PlatformerObject",
      "type": "PlatformBehavior::PlatformerObjectBehavior"
    },
    {
      "name": "RemapForPlatformer",
      "type": "BehaviorRemapper::RemapForPlatformer"
    },
    {
      "name": "Resizable",
      "type": "ResizableCapability::ResizableBehavior"
    },
    {
      "name": "Scale",
      "type": "ScalableCapability::ScalableBehavior"
    },
    {
      "name": "Text",
      "type": "TextContainerCapability::TextContainerBehavior"
    },
    {
      "name": "ThreeDFlip",
      "type": "ThreeDFlip::ThreeDFlip"
    }
  ]
}