{
  "b": 0,
  "disableInputWhenNotFocused": true,
  "mangledName": "Scene_326_32_40Credits_41",
  "name": "Scene 6 (Credits)",
  "r": 0,
  "standardSortMethod": true,
  "stopSoundsOnStartup": true,
  "title": "",
  "v": 0,
  "uiSettings": {
    "grid": false,
    "gridType": "rectangular",
    "gridWidth": 32,
    "gridHeight": 32,
    "gridOffsetX": 0,
    "gridOffsetY": 0,
    "gridColor": 10401023,
    "gridAlpha": 0.8,
    "snap": false,
    "zoomFactor": 0.3645833333333333,
    "windowMask": false
  },
  "objectsGroups": [],
  "variables": [],
  "instances": [
    {
      "angle": 0,
      "customSize": true,
      "depth": 1,
      "height": 1857,
      "layer": "",
      "name": "Credits",
      "persistentUuid": "517e3cf4-9c93-4b01-ad70-984876a1c27f",
      "width": 1163,
      "x": 382,
      "y": 1206,
      "zOrder": 1,
      "numberProperties": [],
      "stringProperties": [],
      "initialVariables": []
    },
    {
      "angle": 0,
      "customSize": true,
      "depth": 1,
      "height": 250,
      "layer": "",
      "name": "Mask",
      "persistentUuid": "3e5120e7-ca6a-45b2-b445-e643b75a4b94",
      "width": 1926,
      "x": 0,
      "y": -2,
      "zOrder": 2,
      "numberProperties": [],
      "stringProperties": [],
      "initialVariables": []
    },
    {
      "angle": 0,
      "customSize": true,
      "depth": 1,
      "height": 255,
      "layer": "",
      "name": "Mask",
      "persistentUuid": "88f9b039-dbe8-4950-98ba-32b01d2890cd",
      "width": 1926,
      "x": -5,
      "y": 826,
      "zOrder": 2,
      "numberProperties": [],
      "stringProperties": [],
      "initialVariables": []
    },
    {
      "angle": 0,
      "customSize": true,
      "depth": 32,
      "height": 79,
      "layer": "",
      "name": "Main_Menu",
      "persistentUuid": "ca4e7193-4bc1-446e-bbc9-52308238fcbf",
      "width": 283,
      "x": 809,
      "y": 565,
      "zOrder": 3,
      "numberProperties": [],
      "stringProperties": [],
      "initialVariables": []
    },
    {
      "angle": 0,
      "customSize": false,
      "height": 0,
      "layer": "",
      "name": "Thanks",
      "persistentUuid": "7ff84884-529f-478e-9c4b-bc9550254ed8",
      "width": 0,
      "x": 524,
      "y": 253,
      "zOrder": 4,
      "numberProperties": [],
      "stringProperties": [],
      "initialVariables": []
    }
  ],
  "objects": [
    {
      "assetStoreId": "",
      "bold": false,
      "italic": false,
      "name": "Credits",
      "smoothed": true,
      "type": "TextObject::Text",
      "underlined": false,
      "variables": [],
      "effects": [],
      "behaviors": [
        {
          "name": "Tween",
          "type": "Tween::TweenBehavior"
        }
      ],
      "string": "\nJurassic Park Game \n\n\n\n\n--CAST--\n\n\n\n\n\nSTORY\n\nNANA BOAKYE\n\n\n\n\nPROGRAMMING\n\nPAOFUE MOUA\nNANA BOAKYE\n\n\n\n\nGRAPHIC DESIGN\n\nAYA AMIN\n\n\n\n\nMUSIC\n\nPAOFUE MOUA\n\n\n\n\nWORLD BUILDING\n\nPAOFUE MOUA\nNANA BOAKYE",
      "font": "FiveFontsatFreddy's-Regular.ttf",
      "textAlignment": "center",
      "characterSize": 60,
      "color": {
        "b": 255,
        "g": 255,
        "r": 255
      }
    },
    {
      "adaptCollisionMaskAutomatically": true,
      "assetStoreId": "",
      "name": "Mask",
      "type": "Sprite",
      "updateIfNotVisible": false,
      "variables": [],
      "effects": [],
      "behaviors": [],
      "animations": [
        {
          "name": "Mask",
          "useMultipleDirections": false,
          "directions": [
            {
              "looping": false,
              "metadata": "{\"pskl\":{}}",
              "timeBetweenFrames": 0.08,
              "sprites": [
                {
                  "hasCustomCollisionMask": true,
                  "image": "NewSprite32",
                  "points": [],
                  "originPoint": {
                    "name": "origine",
                    "x": 0,
                    "y": 0
                  },
                  "centerPoint": {
                    "automatic": true,
                    "name": "centre",
                    "x": 0,
                    "y": 0
                  },
                  "customCollisionMask": [
                    [
                      {
                        "x": 0,
                        "y": 0
                      },
                      {
                        "x": 64,
                        "y": 0
                      },
                      {
                        "x": 64,
                        "y": 64
                      },
                      {
                        "x": 0,
                        "y": 64
                      }
                    ]
                  ]
                }
              ]
            }
          ]
        }
      ]
    },
    {
      "assetStoreId": "f0c3d7ae6099e3b9b8beed4e30b555107550b4fb2a5879e984a014b1e06865bf",
      "name": "Main_Menu",
      "type": "PanelSpriteButton::PanelSpriteButton",
      "variables": [],
      "effects": [],
      "behaviors": [],
      "content": {
        "LeftPadding": 0,
        "RightPadding": 0,
        "PressedLabelOffsetY": 4,
        "BottomPadding": 6,
        "TopPadding": 0,
        "HoveredFadeOutDuration": 0
      },
      "childrenContent": {
        "Hovered": {
          "bottomMargin": 10,
          "height": 64,
          "leftMargin": 6,
          "rightMargin": 6,
          "texture": "Transparent Button With White Blue Border_Hovered.png",
          "tiled": false,
          "topMargin": 10,
          "width": 192
        },
        "Idle": {
          "bottomMargin": 10,
          "height": 64,
          "leftMargin": 6,
          "rightMargin": 6,
          "texture": "Transparent Button With White Blue Border_Idle.png",
          "tiled": false,
          "topMargin": 10,
          "width": 192
        },
        "Label": {
          "bold": false,
          "italic": false,
          "smoothed": true,
          "underlined": false,
          "string": "\nMain Menu",
          "font": "FiveFontsatFreddy's-Regular.ttf",
          "textAlignment": "center",
          "characterSize": 45,
          "color": {
            "b": 255,
            "g": 255,
            "r": 255
          }
        },
        "Pressed": {
          "bottomMargin": 10,
          "height": 64,
          "leftMargin": 6,
          "rightMargin": 6,
          "texture": "Transparent Button With White Blue Border_Pressed.png",
          "tiled": false,
          "topMargin": 10,
          "width": 192
        }
      }
    },
    {
      "assetStoreId": "",
      "bold": false,
      "italic": false,
      "name": "Thanks",
      "smoothed": true,
      "type": "TextObject::Text",
      "underlined": false,
      "variables": [],
      "effects": [],
      "behaviors": [],
      "string": "\nTHANK YOU FOR PLAYING",
      "font": "FiveFontsatFreddy's-Regular.ttf",
      "textAlignment": "center",
      "characterSize": 60,
      "color": {
        "b": 255,
        "g": 255,
        "r": 255
      }
    }
  ],
  "objectsFolderStructure": {
    "folderName": "__ROOT",
    "children": [
      {
        "objectName": "Credits"
      },
      {
        "objectName": "Mask"
      },
      {
        "objectName": "Main_Menu"
      },
      {
        "objectName": "Thanks"
      }
    ]
  },
  "events": [
    {
      "type": "BuiltinCommonInstructions::Standard",
      "conditions": [],
      "actions": [
        {
          "type": {
            "value": "Cache"
          },
          "parameters": [
            "Main_Menu"
          ]
        },
        {
          "type": {
            "value": "Cache"
          },
          "parameters": [
            "Thanks"
          ]
        }
      ]
    },
    {
      "type": "BuiltinCommonInstructions::Standard",
      "conditions": [
        {
          "type": {
            "value": "BuiltinCommonInstructions::Once"
          },
          "parameters": []
        }
      ],
      "actions": [
        {
          "type": {
            "value": "Tween::AddObjectPositionYTween"
          },
          "parameters": [
            "Credits",
            "Tween",
            "\"moveup\"",
            "-3000",
            "\"linear\"",
            "18000",
            ""
          ]
        }
      ]
    },
    {
      "type": "BuiltinCommonInstructions::Standard",
      "conditions": [],
      "actions": [
        {
          "type": {
            "value": "MettreX"
          },
          "parameters": [
            "Credits",
            "=",
            "SceneWindowWidth()/2-Credits.Width()/2"
          ]
        }
      ]
    },
    {
      "type": "BuiltinCommonInstructions::Standard",
      "conditions": [
        {
          "type": {
            "value": "PanelSpriteButton::PanelSpriteButton::IsClicked"
          },
          "parameters": [
            "Main_Menu",
            ""
          ]
        }
      ],
      "actions": [
        {
          "type": {
            "value": "Scene"
          },
          "parameters": [
            "",
            "\"Main Menu\"",
            ""
          ]
        }
      ]
    },
    {
      "type": "BuiltinCommonInstructions::Standard",
      "conditions": [
        {
          "type": {
            "value": "Tween::HasFinished"
          },
          "parameters": [
            "Credits",
            "Tween",
            "\"moveup\""
          ]
        }
      ],
      "actions": [
        {
          "type": {
            "value": "Montre"
          },
          "parameters": [
            "Main_Menu",
            ""
          ]
        },
        {
          "type": {
            "value": "Montre"
          },
          "parameters": [
            "Thanks",
            ""
          ]
        }
      ]
    }
  ],
  "layers": [
    {
      "ambientLightColorB": 200,
      "ambientLightColorG": 200,
      "ambientLightColorR": 200,
      "camera3DFarPlaneDistance": 10000,
      "camera3DFieldOfView": 45,
      "camera3DNearPlaneDistance": 0.1,
      "followBaseLayerCamera": false,
      "isLightingLayer": false,
      "isLocked": false,
      "name": "",
      "renderingType": "",
      "visibility": true,
      "cameras": [
        {
          "defaultSize": true,
          "defaultViewport": true,
          "height": 0,
          "viewportBottom": 1,
          "viewportLeft": 0,
          "viewportRight": 1,
          "viewportTop": 0,
          "width": 0
        }
      ],
      "effects": [
        {
          "effectType": "Scene3D::HemisphereLight",
          "name": "3D Light",
          "doubleParameters": {
            "elevation": 45,
            "intensity": 1,
            "rotation": 0
          },
          "stringParameters": {
            "groundColor": "64;64;64",
            "skyColor": "255;255;255",
            "top": "Y-"
          },
          "booleanParameters": {}
        }
      ]
    }
  ],
  "behaviorsSharedData": [
    {
      "name": "Animation",
      "type": "AnimatableCapability::AnimatableBehavior"
    },
    {
      "name": "Effect",
      "type": "EffectCapability::EffectBehavior"
    },
    {
      "name": "FireBullet",
      "type": "FireBullet::FireBullet"
    },
    {
      "name": "Flippable",
      "type": "FlippableCapability::FlippableBehavior"
    },
    {
      "name": "Health",
      "type": "Health::Health"
    },
    {
      "name": "Opacity",
      "type": "OpacityCapability::OpacityBehavior"
    },
    {
      "name": "PathfindingObstacle",
      "type": "PathfindingBehavior::PathfindingObstacleBehavior"
    },
    {
      "name": "Platform",
      "type": "PlatformBehavior::PlatformBehavior"
    },
    {
      "name": "PlatformerObject",
      "type": "PlatformBehavior::PlatformerObjectBehavior"
    },
    {
      "name": "RemapForPlatformer",
      "type": "BehaviorRemapper::RemapForPlatformer"
    },
    {
      "name": "Resizable",
      "type": "ResizableCapability::ResizableBehavior"
    },
    {
      "name": "Scale",
      "type": "ScalableCapability::ScalableBehavior"
    },
    {
      "name": "Text",
      "type": "TextContainerCapability::TextContainerBehavior"
    },
    {
      "name": "ThreeDFlip",
      "type": "ThreeDFlip::ThreeDFlip"
    },
    {
      "name": "Tween",
      "type": "Tween::TweenBehavior"
    }
  ]
}