{
  "b": 214,
  "disableInputWhenNotFocused": true,
  "mangledName": "Scene_320",
  "name": "Scene 0",
  "r": 194,
  "standardSortMethod": true,
  "stopSoundsOnStartup": true,
  "title": "",
  "v": 211,
  "uiSettings": {
    "grid": true,
    "gridType": "rectangular",
    "gridWidth": 32,
    "gridHeight": 32,
    "gridOffsetX": 0,
    "gridOffsetY": 0,
    "gridColor": 10401023,
    "gridAlpha": 0.8,
    "snap": true,
    "zoomFactor": 0.5995738389111109,
    "windowMask": false
  },
  "objectsGroups": [],
  "variables": [],
  "instances": [
    {
      "angle": 0,
      "customSize": true,
      "depth": 1,
      "height": 64,
      "layer": "",
      "name": "Invis_Block",
      "persistentUuid": "98c2e56d-c85f-472e-b2e3-6d2ee66486ad",
      "width": 9767,
      "x": -3207,
      "y": 1152,
      "zOrder": 1,
      "numberProperties": [],
      "stringProperties": [],
      "initialVariables": []
    },
    {
      "angle": 0,
      "customSize": true,
      "depth": 1,
      "height": 1984,
      "layer": "",
      "name": "Invis_Block",
      "persistentUuid": "49f83099-546d-495c-b1e9-b73064f729a6",
      "width": 64,
      "x": 6560,
      "y": -768,
      "zOrder": 2,
      "numberProperties": [],
      "stringProperties": [],
      "initialVariables": []
    },
    {
      "angle": 0,
      "customSize": true,
      "depth": 1,
      "height": 2080,
      "layer": "",
      "name": "Invis_Block",
      "persistentUuid": "15dca2c5-4c1e-4673-a334-1557de87e451",
      "width": 64,
      "x": -3232,
      "y": -864,
      "zOrder": 2,
      "numberProperties": [],
      "stringProperties": [],
      "initialVariables": []
    },
    {
      "angle": 0,
      "customSize": false,
      "height": 0,
      "layer": "",
      "name": "Tutorial",
      "persistentUuid": "3f65b866-789b-44cc-9220-595b5cfef1d4",
      "width": 0,
      "x": 576,
      "y": -1184,
      "zOrder": 3,
      "numberProperties": [],
      "stringProperties": [],
      "initialVariables": []
    },
    {
      "angle": 0,
      "customSize": false,
      "height": 0,
      "layer": "",
      "name": "Trees",
      "persistentUuid": "1d61e26f-900e-41fa-ae18-e419b8d58000",
      "width": 0,
      "x": 640,
      "y": -1056,
      "zOrder": 4,
      "numberProperties": [],
      "stringProperties": [],
      "initialVariables": []
    },
    {
      "angle": 0,
      "customSize": false,
      "height": 0,
      "layer": "",
      "name": "Controls",
      "persistentUuid": "bb713b6b-ee9d-4fef-9150-cadebd5f84c6",
      "width": 0,
      "x": -2912,
      "y": 895,
      "zOrder": 7,
      "numberProperties": [],
      "stringProperties": [],
      "initialVariables": []
    },
    {
      "angle": 0,
      "customSize": true,
      "depth": 1,
      "height": 94,
      "layer": "",
      "name": "Human",
      "persistentUuid": "faa6e029-6e6a-4ce4-b329-4c2eb1ff0f51",
      "width": 94,
      "x": -3070,
      "y": 1056,
      "zOrder": 8,
      "numberProperties": [],
      "stringProperties": [],
      "initialVariables": []
    },
    {
      "angle": 0,
      "customSize": true,
      "depth": 0,
      "height": 128,
      "layer": "Health",
      "name": "humannnn",
      "persistentUuid": "06771141-54dd-4c7c-a630-1586b6f4ca3a",
      "width": 128,
      "x": 32,
      "y": 32,
      "zOrder": 14,
      "numberProperties": [],
      "stringProperties": [],
      "initialVariables": []
    },
    {
      "angle": 0,
      "customSize": true,
      "depth": 32,
      "height": 32,
      "layer": "Health",
      "name": "MetalRedBar",
      "persistentUuid": "3e49f072-b97e-400b-900d-64ca94c5b58a",
      "width": 256,
      "x": 160,
      "y": 32,
      "zOrder": 15,
      "numberProperties": [],
      "stringProperties": [],
      "initialVariables": []
    },
    {
      "angle": 0,
      "customSize": true,
      "depth": 1,
      "height": 1920,
      "layer": "",
      "name": "Finish",
      "persistentUuid": "8e9fba1d-79df-4a8f-b0d8-d6a8f1842346",
      "width": 64,
      "x": 6496,
      "y": -768,
      "zOrder": 16,
      "numberProperties": [],
      "stringProperties": [],
      "initialVariables": []
    },
    {
      "angle": 0,
      "customSize": true,
      "depth": 1,
      "height": 128,
      "layer": "",
      "name": "Dead",
      "persistentUuid": "a2a0c8ce-ae52-4922-9512-b0c1b6c48429",
      "width": 128,
      "x": -2080,
      "y": 1024,
      "zOrder": 17,
      "numberProperties": [],
      "stringProperties": [],
      "initialVariables": []
    },
    {
      "angle": 0,
      "customSize": true,
      "depth": 1,
      "height": 318,
      "layer": "",
      "name": "fence",
      "persistentUuid": "188960d3-819b-4203-a5f4-f769867b5744",
      "width": 350,
      "x": -320,
      "y": 928,
      "zOrder": 18,
      "numberProperties": [],
      "stringProperties": [],
      "initialVariables": []
    },
    {
      "angle": 0,
      "customSize": true,
      "depth": 1,
      "height": 318,
      "layer": "",
      "name": "fence",
      "persistentUuid": "8e4b3327-0803-45be-9b8e-d1fef19816b6",
      "width": 350,
      "x": -318,
      "y": 834,
      "zOrder": 18,
      "numberProperties": [],
      "stringProperties": [],
      "initialVariables": []
    },
    {
      "angle": 0,
      "customSize": true,
      "depth": 1,
      "height": 318,
      "layer": "",
      "name": "fence",
      "persistentUuid": "991cf3c3-4bb5-416d-a442-7913b6ee0ef4",
      "width": 350,
      "x": -320,
      "y": 738,
      "zOrder": 18,
      "numberProperties": [],
      "stringProperties": [],
      "initialVariables": []
    },
    {
      "angle": 0,
      "customSize": true,
      "depth": 1,
      "height": 318,
      "layer": "",
      "name": "fence",
      "persistentUuid": "17e33d02-8269-425e-b5e0-7911f636f389",
      "width": 350,
      "x": -318,
      "y": 640,
      "zOrder": 18,
      "numberProperties": [],
      "stringProperties": [],
      "initialVariables": []
    },
    {
      "angle": 0,
      "customSize": false,
      "height": 0,
      "layer": "",
      "name": "Climb2",
      "persistentUuid": "eed41795-9d81-4643-af3f-48569af12164",
      "width": 0,
      "x": -352,
      "y": 1065,
      "zOrder": 19,
      "numberProperties": [],
      "stringProperties": [],
      "initialVariables": []
    },
    {
      "angle": 0,
      "customSize": true,
      "depth": 1,
      "height": 72,
      "layer": "",
      "name": "random",
      "persistentUuid": "7daf4390-51b4-4de4-b4f4-a45c36e32703",
      "width": 256,
      "x": 1248,
      "y": 1088,
      "zOrder": 20,
      "numberProperties": [],
      "stringProperties": [],
      "initialVariables": []
    },
    {
      "angle": 0,
      "customSize": true,
      "depth": 1,
      "height": 100,
      "layer": "",
      "name": "Grass",
      "persistentUuid": "9316df2a-b00e-4d74-a0e3-e41bfbd91c72",
      "width": 10464,
      "x": -3584,
      "y": 1152,
      "zOrder": 21,
      "numberProperties": [],
      "stringProperties": [],
      "initialVariables": []
    },
    {
      "angle": 0,
      "customSize": true,
      "depth": 1,
      "height": 1472,
      "layer": "",
      "name": "dirt",
      "persistentUuid": "1fa65089-8956-43c3-8252-6435b678c5b3",
      "width": 10464,
      "x": -3584,
      "y": 1216,
      "zOrder": 22,
      "numberProperties": [],
      "stringProperties": [],
      "initialVariables": []
    }
  ],
  "objects": [
    {
      "assetStoreId": "",
      "bold": false,
      "italic": false,
      "name": "Tutorial",
      "smoothed": true,
      "type": "TextObject::Text",
      "underlined": false,
      "variables": [],
      "effects": [],
      "behaviors": [],
      "string": "Tutorial",
      "font": "",
      "textAlignment": "left",
      "characterSize": 100,
      "color": {
        "b": 0,
        "g": 0,
        "r": 0
      }
    },
    {
      "assetStoreId": "",
      "bold": false,
      "italic": false,
      "name": "NewText",
      "smoothed": true,
      "type": "TextObject::Text",
      "underlined": false,
      "variables": [],
      "effects": [],
      "behaviors": [],
      "string": "Text",
      "font": "",
      "textAlignment": "left",
      "characterSize": 20,
      "color": {
        "b": 0,
        "g": 0,
        "r": 0
      }
    },
    {
      "assetStoreId": "",
      "bold": false,
      "italic": false,
      "name": "Trees",
      "smoothed": true,
      "type": "TextObject::Text",
      "underlined": false,
      "variables": [],
      "effects": [],
      "behaviors": [],
      "string": "lots of trees",
      "font": "",
      "textAlignment": "left",
      "characterSize": 65,
      "color": {
        "b": 0,
        "g": 0,
        "r": 0
      }
    },
    {
      "assetStoreId": "",
      "bold": false,
      "italic": false,
      "name": "Dead_Hunter",
      "smoothed": true,
      "type": "TextObject::Text",
      "underlined": false,
      "variables": [],
      "effects": [],
      "behaviors": [],
      "string": "Dead Hunter ",
      "font": "",
      "textAlignment": "left",
      "characterSize": 51,
      "color": {
        "b": 0,
        "g": 0,
        "r": 0
      }
    },
    {
      "assetStoreId": "",
      "bold": false,
      "italic": false,
      "name": "Controls",
      "smoothed": true,
      "type": "TextObject::Text",
      "underlined": false,
      "variables": [],
      "effects": [],
      "behaviors": [],
      "string": "W - Climb\nA - Move Left\nD - Move Right\nE - Interact\nSPACE - Jump\nLMB - Shoot\nMMB - Weapon Select",
      "font": "assets\\bm_army\\BMarmy.TTF",
      "textAlignment": "left",
      "characterSize": 20,
      "color": {
        "b": 0,
        "g": 0,
        "r": 0
      }
    },
    {
      "assetStoreId": "",
      "bold": false,
      "italic": false,
      "name": "Climb",
      "smoothed": true,
      "type": "TextObject::Text",
      "underlined": false,
      "variables": [],
      "effects": [],
      "behaviors": [],
      "string": "Climbable object",
      "font": "",
      "textAlignment": "left",
      "characterSize": 53,
      "color": {
        "b": 0,
        "g": 0,
        "r": 0
      }
    },
    {
      "assetStoreId": "",
      "bold": false,
      "italic": false,
      "name": "Burrow",
      "smoothed": true,
      "type": "TextObject::Text",
      "underlined": false,
      "variables": [],
      "effects": [],
      "behaviors": [],
      "string": "Burrow",
      "font": "",
      "textAlignment": "left",
      "characterSize": 70,
      "color": {
        "b": 0,
        "g": 0,
        "r": 0
      }
    },
    {
      "adaptCollisionMaskAutomatically": true,
      "assetStoreId": "",
      "name": "Dead",
      "type": "Sprite",
      "updateIfNotVisible": false,
      "variables": [],
      "effects": [],
      "behaviors": [],
      "animations": [
        {
          "name": "",
          "useMultipleDirections": false,
          "directions": [
            {
              "looping": false,
              "timeBetweenFrames": 0.08,
              "sprites": [
                {
                  "hasCustomCollisionMask": true,
                  "image": "assets\\Hunter5Death.png",
                  "points": [],
                  "originPoint": {
                    "name": "origine",
                    "x": 0,
                    "y": 0
                  },
                  "centerPoint": {
                    "automatic": true,
                    "name": "centre",
                    "x": 0,
                    "y": 0
                  },
                  "customCollisionMask": [
                    [
                      {
                        "x": 40,
                        "y": 211
                      },
                      {
                        "x": 383,
                        "y": 211
                      },
                      {
                        "x": 383,
                        "y": 391
                      },
                      {
                        "x": 40,
                        "y": 391
                      }
                    ]
                  ]
                }
              ]
            }
          ]
        }
      ]
    },
    {
      "adaptCollisionMaskAutomatically": true,
      "assetStoreId": "",
      "name": "fence",
      "type": "Sprite",
      "updateIfNotVisible": false,
      "variables": [],
      "effects": [],
      "behaviors": [
        {
          "name": "Platform",
          "type": "PlatformBehavior::PlatformBehavior",
          "canBeGrabbed": true,
          "platformType": "Ladder",
          "yGrabOffset": 0
        }
      ],
      "animations": [
        {
          "name": "",
          "useMultipleDirections": false,
          "directions": [
            {
              "looping": false,
              "timeBetweenFrames": 0.08,
              "sprites": [
                {
                  "hasCustomCollisionMask": true,
                  "image": "assets\\Tires.png",
                  "points": [],
                  "originPoint": {
                    "name": "origine",
                    "x": 0,
                    "y": 0
                  },
                  "centerPoint": {
                    "automatic": true,
                    "name": "centre",
                    "x": 0,
                    "y": 0
                  },
                  "customCollisionMask": [
                    [
                      {
                        "x": 116,
                        "y": 131
                      },
                      {
                        "x": 247,
                        "y": 131
                      },
                      {
                        "x": 247,
                        "y": 250
                      },
                      {
                        "x": 116,
                        "y": 250
                      }
                    ]
                  ]
                }
              ]
            }
          ]
        }
      ]
    },
    {
      "assetStoreId": "",
      "bold": false,
      "italic": false,
      "name": "Climb2",
      "smoothed": true,
      "type": "TextObject::Text",
      "underlined": false,
      "variables": [],
      "effects": [],
      "behaviors": [],
      "string": "Try to climb",
      "font": "",
      "textAlignment": "left",
      "characterSize": 20,
      "color": {
        "b": 0,
        "g": 0,
        "r": 0
      }
    },
    {
      "adaptCollisionMaskAutomatically": true,
      "assetStoreId": "",
      "name": "random",
      "type": "Sprite",
      "updateIfNotVisible": false,
      "variables": [],
      "effects": [],
      "behaviors": [],
      "animations": [
        {
          "name": "",
          "useMultipleDirections": false,
          "directions": [
            {
              "looping": false,
              "timeBetweenFrames": 0.08,
              "sprites": [
                {
                  "hasCustomCollisionMask": true,
                  "image": "assets\\BarrelOfFire.png",
                  "points": [],
                  "originPoint": {
                    "name": "origine",
                    "x": 0,
                    "y": 0
                  },
                  "centerPoint": {
                    "automatic": true,
                    "name": "centre",
                    "x": 0,
                    "y": 0
                  },
                  "customCollisionMask": [
                    [
                      {
                        "x": 51,
                        "y": 42
                      },
                      {
                        "x": 149,
                        "y": 42
                      },
                      {
                        "x": 149,
                        "y": 186
                      },
                      {
                        "x": 51,
                        "y": 186
                      }
                    ]
                  ]
                }
              ]
            }
          ]
        }
      ]
    },
    {
      "adaptCollisionMaskAutomatically": true,
      "assetStoreId": "",
      "name": "wall",
      "type": "Sprite",
      "updateIfNotVisible": false,
      "variables": [],
      "effects": [],
      "behaviors": [],
      "animations": [
        {
          "name": "",
          "useMultipleDirections": false,
          "directions": [
            {
              "looping": false,
              "timeBetweenFrames": 0.08,
              "sprites": []
            }
          ]
        }
      ]
    }
  ],
  "objectsFolderStructure": {
    "folderName": "__ROOT",
    "children": [
      {
        "objectName": "Tutorial"
      },
      {
        "objectName": "NewText"
      },
      {
        "objectName": "Trees"
      },
      {
        "objectName": "Dead_Hunter"
      },
      {
        "objectName": "Controls"
      },
      {
        "objectName": "Climb"
      },
      {
        "objectName": "Burrow"
      },
      {
        "objectName": "Dead"
      },
      {
        "objectName": "fence"
      },
      {
        "objectName": "Climb2"
      },
      {
        "objectName": "random"
      },
      {
        "objectName": "wall"
      }
    ]
  },
  "events": [
    {
      "type": "BuiltinCommonInstructions::Standard",
      "conditions": [],
      "actions": [
        {
          "type": {
            "value": "CentreCamera"
          },
          "parameters": [
            "",
            "Human",
            "",
            "",
            ""
          ]
        },
        {
          "type": {
            "value": "ZoomCamera"
          },
          "parameters": [
            "",
            "1.5",
            "",
            ""
          ]
        }
      ]
    },
    {
      "type": "BuiltinCommonInstructions::Standard",
      "conditions": [
        {
          "type": {
            "value": "CollisionNP"
          },
          "parameters": [
            "Human",
            "Finish",
            "",
            "",
            ""
          ]
        }
      ],
      "actions": [
        {
          "type": {
            "value": "ModVarGlobal"
          },
          "parameters": [
            "Loading_Screen",
            "+",
            "1"
          ]
        },
        {
          "type": {
            "value": "Scene"
          },
          "parameters": [
            "",
            "\"Loading Screen\"",
            ""
          ]
        }
      ]
    },
    {
      "colorB": 228,
      "colorG": 176,
      "colorR": 74,
      "creationTime": 0,
      "name": "Health",
      "source": "",
      "type": "BuiltinCommonInstructions::Group",
      "events": [
        {
          "type": "BuiltinCommonInstructions::Standard",
          "conditions": [],
          "actions": [
            {
              "type": {
                "value": "PanelSpriteContinuousBar::PanelSpriteContinuousBar::SetValue"
              },
              "parameters": [
                "MetalRedBar",
                "=",
                "GlobalVariable(Health)",
                ""
              ]
            }
          ]
        },
        {
          "type": "BuiltinCommonInstructions::Standard",
          "conditions": [
            {
              "type": {
                "value": "CollisionNP"
              },
              "parameters": [
                "Human",
                "star",
                "",
                "",
                ""
              ]
            }
          ],
          "actions": [
            {
              "type": {
                "value": "ModVarGlobal"
              },
              "parameters": [
                "Health",
                "-",
                "1"
              ]
            }
          ]
        }
      ],
      "parameters": []
    },
    {
      "type": "BuiltinCommonInstructions::Standard",
      "conditions": [
        {
          "type": {
            "value": "DepartScene"
          },
          "parameters": [
            ""
          ]
        },
        {
          "type": {
            "value": "BuiltinCommonInstructions::Once"
          },
          "parameters": []
        }
      ],
      "actions": [
        {
          "type": {
            "value": "PlayMusic"
          },
          "parameters": [
            "",
            "main-menu-better_main3.mp3",
            "yes",
            "60",
            "1"
          ]
        }
      ]
    },
    {
      "type": "BuiltinCommonInstructions::Standard",
      "conditions": [
        {
          "type": {
            "value": "DepartScene"
          },
          "parameters": [
            ""
          ]
        }
      ],
      "actions": [
        {
          "type": {
            "value": "Cache"
          },
          "parameters": [
            "invis_slope_Right"
          ]
        },
        {
          "type": {
            "value": "Cache"
          },
          "parameters": [
            "invis_slope_left"
          ]
        },
        {
          "type": {
            "value": "Cache"
          },
          "parameters": [
            "Invis_Block"
          ]
        }
      ]
    },
    {
      "type": "BuiltinCommonInstructions::Standard",
      "conditions": [],
      "actions": []
    },
    {
      "type": "BuiltinCommonInstructions::Standard",
      "conditions": [
        {
          "type": {
            "value": "KeyPressed"
          },
          "parameters": [
            "Human",
            "d"
          ]
        }
      ],
      "actions": [
        {
          "type": {
            "value": "AnimatableCapability::AnimatableBehavior::SetName"
          },
          "parameters": [
            "Human",
            "Animation",
            "=",
            "\"Walking\""
          ]
        }
      ]
    },
    {
      "type": "BuiltinCommonInstructions::Standard",
      "conditions": [
        {
          "type": {
            "inverted": true,
            "value": "KeyPressed"
          },
          "parameters": [
            "Human",
            "d"
          ]
        }
      ],
      "actions": [
        {
          "type": {
            "value": "AnimatableCapability::AnimatableBehavior::SetName"
          },
          "parameters": [
            "Human",
            "Animation",
            "=",
            "\"Idle\""
          ]
        }
      ]
    }
  ],
  "layers": [
    {
      "ambientLightColorB": 200,
      "ambientLightColorG": 200,
      "ambientLightColorR": 200,
      "camera3DFarPlaneDistance": 10000,
      "camera3DFieldOfView": 45,
      "camera3DNearPlaneDistance": 0.1,
      "followBaseLayerCamera": false,
      "isLightingLayer": false,
      "isLocked": false,
      "name": "",
      "renderingType": "",
      "visibility": true,
      "cameras": [
        {
          "defaultSize": true,
          "defaultViewport": true,
          "height": 0,
          "viewportBottom": 1,
          "viewportLeft": 0,
          "viewportRight": 1,
          "viewportTop": 0,
          "width": 0
        }
      ],
      "effects": []
    },
    {
      "ambientLightColorB": 200,
      "ambientLightColorG": 200,
      "ambientLightColorR": 200,
      "camera3DFarPlaneDistance": 10000,
      "camera3DFieldOfView": 45,
      "camera3DNearPlaneDistance": 0.1,
      "followBaseLayerCamera": false,
      "isLightingLayer": false,
      "isLocked": true,
      "name": "Health",
      "renderingType": "",
      "visibility": true,
      "cameras": [],
      "effects": []
    }
  ],
  "behaviorsSharedData": [
    {
      "name": "Animation",
      "type": "AnimatableCapability::AnimatableBehavior"
    },
    {
      "name": "Effect",
      "type": "EffectCapability::EffectBehavior"
    },
    {
      "name": "FireBullet",
      "type": "FireBullet::FireBullet"
    },
    {
      "name": "Flippable",
      "type": "FlippableCapability::FlippableBehavior"
    },
    {
      "name": "Health",
      "type": "Health::Health"
    },
    {
      "name": "Opacity",
      "type": "OpacityCapability::OpacityBehavior"
    },
    {
      "name": "PathfindingObstacle",
      "type": "PathfindingBehavior::PathfindingObstacleBehavior"
    },
    {
      "name": "Platform",
      "type": "PlatformBehavior::PlatformBehavior"
    },
    {
      "name": "PlatformerObject",
      "type": "PlatformBehavior::PlatformerObjectBehavior"
    },
    {
      "name": "RemapForPlatformer",
      "type": "BehaviorRemapper::RemapForPlatformer"
    },
    {
      "name": "Resizable",
      "type": "ResizableCapability::ResizableBehavior"
    },
    {
      "name": "Scale",
      "type": "ScalableCapability::ScalableBehavior"
    },
    {
      "name": "Text",
      "type": "TextContainerCapability::TextContainerBehavior"
    },
    {
      "name": "ThreeDFlip",
      "type": "ThreeDFlip::ThreeDFlip"
    }
  ]
}