{
  "b": 133,
  "disableInputWhenNotFocused": true,
  "mangledName": "Scene_322_45c",
  "name": "Scene 2-c",
  "r": 133,
  "standardSortMethod": true,
  "stopSoundsOnStartup": true,
  "title": "",
  "v": 133,
  "uiSettings": {
    "grid": false,
    "gridType": "rectangular",
    "gridWidth": 32,
    "gridHeight": 32,
    "gridOffsetX": 0,
    "gridOffsetY": 0,
    "gridColor": 10401023,
    "gridAlpha": 0.8,
    "snap": false,
    "zoomFactor": 0.20069741314549833,
    "windowMask": false
  },
  "objectsGroups": [],
  "variables": [],
  "instances": [
    {
      "angle": 0,
      "customSize": true,
      "depth": 0,
      "height": 1248,
      "layer": "",
      "name": "Invis_Block",
      "persistentUuid": "2d3fa822-3d69-4f9e-b322-3f3b73f94de1",
      "width": 64,
      "x": 0,
      "y": -160,
      "zOrder": 1,
      "numberProperties": [],
      "stringProperties": [],
      "initialVariables": []
    },
    {
      "angle": 0,
      "customSize": true,
      "depth": 0,
      "height": 94,
      "layer": "",
      "name": "Human",
      "persistentUuid": "2d732c5b-4aae-4caf-8e46-ddb905e8cd07",
      "width": 96,
      "x": 960,
      "y": 928,
      "zOrder": 2,
      "numberProperties": [],
      "stringProperties": [],
      "initialVariables": []
    },
    {
      "angle": 0,
      "customSize": true,
      "depth": 0,
      "height": 32,
      "layer": "",
      "name": "invis_slope_Right",
      "persistentUuid": "8b9e7713-459b-4f7a-b46b-144d50231da5",
      "width": 2304,
      "x": 64,
      "y": 1056,
      "zOrder": 3,
      "numberProperties": [],
      "stringProperties": [],
      "initialVariables": []
    },
    {
      "angle": 0,
      "customSize": true,
      "depth": 0,
      "height": 32,
      "layer": "",
      "name": "invis_slope_left",
      "persistentUuid": "3bbed837-e70d-4b15-8eae-fb7c761cdd50",
      "width": 2272,
      "x": 2368,
      "y": 1056,
      "zOrder": 4,
      "numberProperties": [],
      "stringProperties": [],
      "initialVariables": []
    },
    {
      "angle": 0,
      "customSize": true,
      "depth": 0,
      "height": 5216,
      "layer": "",
      "name": "Invis_Block",
      "persistentUuid": "fb53cefd-00c1-4fe6-917a-045a648fbb06",
      "width": 544,
      "x": 12672,
      "y": -1536,
      "zOrder": 5,
      "numberProperties": [],
      "stringProperties": [],
      "initialVariables": []
    },
    {
      "angle": 0,
      "customSize": true,
      "depth": 0,
      "height": 32,
      "layer": "",
      "name": "Invis_Block",
      "persistentUuid": "dbeca040-e2a4-4f77-925a-2c5bc22d5113",
      "width": 1472,
      "x": 4640,
      "y": 1088,
      "zOrder": 6,
      "numberProperties": [],
      "stringProperties": [],
      "initialVariables": []
    },
    {
      "angle": 0,
      "customSize": true,
      "depth": 0,
      "height": 32,
      "layer": "",
      "name": "invis_slope_left",
      "persistentUuid": "90336417-c0c5-41f1-98f3-ecc7d32097fb",
      "width": 1824,
      "x": 6112,
      "y": 1088,
      "zOrder": 7,
      "numberProperties": [],
      "stringProperties": [],
      "initialVariables": []
    },
    {
      "angle": 0,
      "customSize": true,
      "depth": 0,
      "height": 32,
      "layer": "",
      "name": "invis_slope_Right",
      "persistentUuid": "1bf66603-ae07-425c-a33d-282602a90748",
      "width": 640,
      "x": 5568,
      "y": 1056,
      "zOrder": 8,
      "numberProperties": [],
      "stringProperties": [],
      "initialVariables": []
    },
    {
      "angle": 0,
      "customSize": true,
      "depth": 0,
      "height": 32,
      "layer": "",
      "name": "invis_slope_left",
      "persistentUuid": "b0c719d4-2eb9-4a75-82a4-43a7522ac0f7",
      "width": 32,
      "x": 6208,
      "y": 1056,
      "zOrder": 9,
      "numberProperties": [],
      "stringProperties": [],
      "initialVariables": []
    },
    {
      "angle": 0,
      "customSize": true,
      "depth": 0,
      "height": 64,
      "layer": "",
      "name": "invis_slope_Right",
      "persistentUuid": "c3a84d20-da37-4907-adb2-42d312d29072",
      "width": 1952,
      "x": 6816,
      "y": 1056,
      "zOrder": 10,
      "numberProperties": [],
      "stringProperties": [],
      "initialVariables": []
    },
    {
      "angle": 0,
      "customSize": true,
      "depth": 0,
      "height": 64,
      "layer": "",
      "name": "invis_slope_left",
      "persistentUuid": "0ac5f589-a273-4621-bca7-40d1a22622c2",
      "width": 1760,
      "x": 8768,
      "y": 1056,
      "zOrder": 11,
      "numberProperties": [],
      "stringProperties": [],
      "initialVariables": []
    },
    {
      "angle": 0,
      "customSize": true,
      "depth": 0,
      "height": 32,
      "layer": "",
      "name": "invis_slope_left",
      "persistentUuid": "b3fe0549-2b9b-4705-849b-6d64547f0771",
      "width": 192,
      "x": 10592,
      "y": 1056,
      "zOrder": 12,
      "numberProperties": [],
      "stringProperties": [],
      "initialVariables": []
    },
    {
      "angle": 0,
      "customSize": true,
      "depth": 0,
      "height": 64,
      "layer": "",
      "name": "invis_slope_Right",
      "persistentUuid": "b9e8059a-69d2-4ac2-8920-fa7ceeca1778",
      "width": 448,
      "x": 10144,
      "y": 1056,
      "zOrder": 13,
      "numberProperties": [],
      "stringProperties": [],
      "initialVariables": []
    },
    {
      "angle": 0,
      "customSize": true,
      "depth": 0,
      "height": 32,
      "layer": "",
      "name": "invis_slope_Right",
      "persistentUuid": "0ab88e51-cd32-432d-9c01-22376c551487",
      "width": 544,
      "x": 10784,
      "y": 1088,
      "zOrder": 14,
      "numberProperties": [],
      "stringProperties": [],
      "initialVariables": []
    },
    {
      "angle": 0,
      "customSize": true,
      "depth": 0,
      "height": 32,
      "layer": "",
      "name": "Invis_Block",
      "persistentUuid": "18ec917e-daf4-4d62-b82c-d3ac571e54d7",
      "width": 192,
      "x": 10592,
      "y": 1088,
      "zOrder": 15,
      "numberProperties": [],
      "stringProperties": [],
      "initialVariables": []
    },
    {
      "angle": 0,
      "customSize": true,
      "depth": 0,
      "height": 352,
      "layer": "",
      "name": "invis_slope_Right",
      "persistentUuid": "7ed986c0-b831-4df2-99ff-77ae3bf23ea4",
      "width": 864,
      "x": 11264,
      "y": 768,
      "zOrder": 16,
      "numberProperties": [],
      "stringProperties": [],
      "initialVariables": []
    },
    {
      "angle": 0,
      "customSize": true,
      "depth": 1,
      "height": 224,
      "layer": "",
      "name": "invis_slope_left",
      "persistentUuid": "75b39861-e311-4ff6-b224-3f0e0c368289",
      "width": 416,
      "x": 12128,
      "y": 768,
      "zOrder": 17,
      "numberProperties": [],
      "stringProperties": [],
      "initialVariables": []
    },
    {
      "angle": 0,
      "customSize": true,
      "depth": 0,
      "height": 33,
      "layer": "",
      "name": "Invis_Block",
      "persistentUuid": "821bf8be-ebe5-4141-8ac6-dbbad5dc8247",
      "width": 544,
      "x": 12128,
      "y": 1119,
      "zOrder": 18,
      "numberProperties": [],
      "stringProperties": [],
      "initialVariables": []
    },
    {
      "angle": 0,
      "customSize": false,
      "height": 0,
      "layer": "",
      "name": "Baby_Rex",
      "persistentUuid": "4b85db50-fa03-48a3-97c8-e72d11c2f4c5",
      "width": 0,
      "x": 128,
      "y": 608,
      "zOrder": 19,
      "numberProperties": [],
      "stringProperties": [],
      "initialVariables": []
    },
    {
      "angle": 0,
      "customSize": true,
      "depth": 0,
      "height": 2208,
      "layer": "",
      "name": "finish",
      "persistentUuid": "d3083a0f-6a05-4c23-976f-3c18b435c12c",
      "width": 64,
      "x": 11488,
      "y": -736,
      "zOrder": 20,
      "numberProperties": [],
      "stringProperties": [],
      "initialVariables": []
    },
    {
      "angle": 0,
      "customSize": true,
      "depth": 0,
      "height": 126,
      "layer": "Health",
      "name": "humannnn",
      "persistentUuid": "11183d37-2085-47a7-92a1-a91c1ac60a54",
      "width": 126,
      "x": 32,
      "y": 32,
      "zOrder": 21,
      "numberProperties": [],
      "stringProperties": [],
      "initialVariables": []
    },
    {
      "angle": 0,
      "customSize": true,
      "depth": 32,
      "height": 32,
      "layer": "Health",
      "name": "MetalRedBar",
      "persistentUuid": "ca627553-561a-4a5c-b16d-0978ea21de60",
      "width": 256,
      "x": 160,
      "y": 32,
      "zOrder": 22,
      "numberProperties": [],
      "stringProperties": [],
      "initialVariables": []
    },
    {
      "angle": -0.5,
      "customSize": true,
      "depth": 1,
      "height": 107,
      "layer": "",
      "name": "Grass",
      "persistentUuid": "a0fdf9f6-c080-469b-aa46-be44834de049",
      "width": 2469,
      "x": -101,
      "y": 1063,
      "zOrder": 23,
      "numberProperties": [],
      "stringProperties": [],
      "initialVariables": []
    },
    {
      "angle": 0.7,
      "customSize": true,
      "depth": 1,
      "height": 100,
      "layer": "",
      "name": "Grass",
      "persistentUuid": "2f5eeec4-94e9-44f3-b7be-a14502377f9d",
      "width": 2304,
      "x": 2369,
      "y": 1070,
      "zOrder": 23,
      "numberProperties": [],
      "stringProperties": [],
      "initialVariables": []
    },
    {
      "angle": 0,
      "customSize": true,
      "depth": 1,
      "height": 100,
      "layer": "",
      "name": "Grass",
      "persistentUuid": "fbd46581-6e88-4538-ab33-1b8a84308170",
      "width": 896,
      "x": 4672,
      "y": 1088,
      "zOrder": 24,
      "numberProperties": [],
      "stringProperties": [],
      "initialVariables": []
    },
    {
      "angle": 357,
      "customSize": true,
      "depth": 0,
      "height": 100,
      "layer": "",
      "name": "Grass",
      "persistentUuid": "b04fb52b-3cf7-4650-992e-3904ccbe3ee1",
      "width": 640.7995006,
      "x": 5565,
      "y": 1073,
      "zOrder": 25,
      "numberProperties": [],
      "stringProperties": [],
      "initialVariables": []
    },
    {
      "angle": 45,
      "customSize": true,
      "depth": 1,
      "height": 100,
      "layer": "",
      "name": "Grass",
      "persistentUuid": "a798c407-b9ed-44e8-8f3a-7d3cecd3655a",
      "width": 100,
      "x": 6156,
      "y": 1074,
      "zOrder": 26,
      "numberProperties": [],
      "stringProperties": [],
      "initialVariables": []
    },
    {
      "angle": 1,
      "customSize": true,
      "depth": 0,
      "height": 100,
      "layer": "",
      "name": "Grass",
      "persistentUuid": "f7812e3d-b9ca-48ce-9598-99a171a424da",
      "width": 1842.277938,
      "x": 6026,
      "y": 1101,
      "zOrder": 27,
      "numberProperties": [],
      "stringProperties": [],
      "initialVariables": []
    },
    {
      "angle": -2,
      "customSize": true,
      "depth": 0,
      "height": 100,
      "layer": "",
      "name": "Grass",
      "persistentUuid": "320ccb15-803a-4981-8e3e-98f48707f17f",
      "width": 1953.048899,
      "x": 6808,
      "y": 1088,
      "zOrder": 28,
      "numberProperties": [],
      "stringProperties": [],
      "initialVariables": []
    },
    {
      "angle": 2,
      "customSize": true,
      "depth": 0,
      "height": 100,
      "layer": "",
      "name": "Grass",
      "persistentUuid": "88ce668f-9d3e-4d2c-a6de-9b108ecea8ce",
      "width": 1761.163252,
      "x": 8754,
      "y": 1085,
      "zOrder": 29,
      "numberProperties": [],
      "stringProperties": [],
      "initialVariables": []
    },
    {
      "angle": 352,
      "customSize": true,
      "depth": 0,
      "height": 100,
      "layer": "",
      "name": "Grass",
      "persistentUuid": "03064f8b-7615-46b2-b356-6ad163f52439",
      "width": 452.54834,
      "x": 10152,
      "y": 1086,
      "zOrder": 30,
      "numberProperties": [],
      "stringProperties": [],
      "initialVariables": []
    },
    {
      "angle": 9,
      "customSize": true,
      "depth": 0,
      "height": 100,
      "layer": "",
      "name": "Grass",
      "persistentUuid": "bf5adc41-8ff1-4afb-bbc9-0f2922a1dca0",
      "width": 194.648401,
      "x": 10586,
      "y": 1072,
      "zOrder": 31,
      "numberProperties": [],
      "stringProperties": [],
      "initialVariables": []
    },
    {
      "angle": -3,
      "customSize": true,
      "depth": 0,
      "height": 100,
      "layer": "",
      "name": "Grass",
      "persistentUuid": "6d19b547-5acc-4e91-a461-01fa2c3e130b",
      "width": 544.9403637,
      "x": 10785,
      "y": 1099,
      "zOrder": 32,
      "numberProperties": [],
      "stringProperties": [],
      "initialVariables": []
    },
    {
      "angle": -22,
      "customSize": true,
      "depth": 0,
      "height": 100,
      "layer": "",
      "name": "Grass",
      "persistentUuid": "e2939500-e18c-4a27-b518-6a7c423e64d5",
      "width": 932.9523032,
      "x": 11259,
      "y": 934,
      "zOrder": 33,
      "numberProperties": [],
      "stringProperties": [],
      "initialVariables": []
    },
    {
      "angle": 0,
      "customSize": true,
      "depth": 1,
      "height": 822,
      "layer": "",
      "name": "dirt",
      "persistentUuid": "eda2940f-f611-4f89-a530-3e97f6b5bc87",
      "width": 12207,
      "x": 33,
      "y": 1152,
      "zOrder": 34,
      "numberProperties": [],
      "stringProperties": [],
      "initialVariables": []
    }
  ],
  "objects": [
    {
      "adaptCollisionMaskAutomatically": false,
      "assetStoreId": "",
      "name": "Baby_Rex",
      "type": "Sprite",
      "updateIfNotVisible": false,
      "variables": [],
      "effects": [],
      "behaviors": [
        {
          "name": "DrawPathfinding",
          "type": "DrawPathfinding::DrawPathfinding",
          "LoopIndex": 0,
          "CorrectionX": 0,
          "CorrectionY": 0
        },
        {
          "name": "Pathfinding",
          "type": "PathfindingBehavior::PathfindingBehavior",
          "rotateObject": false,
          "acceleration": 400,
          "allowDiagonals": true,
          "angleOffset": 0,
          "angularMaxSpeed": 180,
          "cellHeight": 20,
          "cellWidth": 20,
          "extraBorder": 50,
          "gridOffsetX": 10,
          "gridOffsetY": 10,
          "maxSpeed": 275,
          "smoothingMaxCellGap": 1
        },
        {
          "name": "PlatformerObject",
          "type": "PlatformBehavior::PlatformerObjectBehavior",
          "acceleration": 1500,
          "canGoDownFromJumpthru": true,
          "canGrabPlatforms": false,
          "canGrabWithoutMoving": true,
          "deceleration": 1500,
          "gravity": 1000,
          "ignoreDefaultControls": true,
          "jumpSpeed": 600,
          "jumpSustainTime": 0.2,
          "ladderClimbingSpeed": 150,
          "maxFallingSpeed": 700,
          "maxSpeed": 250,
          "slopeMaxAngle": 60,
          "useLegacyTrajectory": false,
          "xGrabTolerance": 10,
          "yGrabOffset": 0
        }
      ],
      "animations": [
        {
          "name": "Idle",
          "useMultipleDirections": false,
          "directions": [
            {
              "looping": false,
              "metadata": "{\"pskl\":{}}",
              "timeBetweenFrames": 0.08,
              "sprites": [
                {
                  "hasCustomCollisionMask": true,
                  "image": "assets\\BabyRex.png",
                  "points": [],
                  "originPoint": {
                    "name": "origine",
                    "x": 0,
                    "y": 0
                  },
                  "centerPoint": {
                    "automatic": false,
                    "name": "centre",
                    "x": 181,
                    "y": 293
                  },
                  "customCollisionMask": [
                    [
                      {
                        "x": 7,
                        "y": 46
                      },
                      {
                        "x": 323,
                        "y": 46
                      },
                      {
                        "x": 323,
                        "y": 339
                      },
                      {
                        "x": 7,
                        "y": 339
                      }
                    ]
                  ]
                }
              ]
            }
          ]
        },
        {
          "name": "Walking",
          "useMultipleDirections": false,
          "directions": [
            {
              "looping": true,
              "timeBetweenFrames": 0.08,
              "sprites": [
                {
                  "hasCustomCollisionMask": true,
                  "image": "assets\\BabyRexRun.png",
                  "points": [],
                  "originPoint": {
                    "name": "origine",
                    "x": 0,
                    "y": 0
                  },
                  "centerPoint": {
                    "automatic": false,
                    "name": "centre",
                    "x": 181,
                    "y": 293
                  },
                  "customCollisionMask": [
                    [
                      {
                        "x": 7,
                        "y": 46
                      },
                      {
                        "x": 323,
                        "y": 46
                      },
                      {
                        "x": 323,
                        "y": 339
                      },
                      {
                        "x": 7,
                        "y": 339
                      }
                    ]
                  ]
                },
                {
                  "hasCustomCollisionMask": true,
                  "image": "assets\\BabyRexRun2.png",
                  "points": [],
                  "originPoint": {
                    "name": "origine",
                    "x": 0,
                    "y": 0
                  },
                  "centerPoint": {
                    "automatic": false,
                    "name": "centre",
                    "x": 181,
                    "y": 293
                  },
                  "customCollisionMask": [
                    [
                      {
                        "x": 7,
                        "y": 46
                      },
                      {
                        "x": 323,
                        "y": 46
                      },
                      {
                        "x": 323,
                        "y": 339
                      },
                      {
                        "x": 7,
                        "y": 339
                      }
                    ]
                  ]
                },
                {
                  "hasCustomCollisionMask": true,
                  "image": "assets\\BabyRexRun3.png",
                  "points": [],
                  "originPoint": {
                    "name": "origine",
                    "x": 0,
                    "y": 0
                  },
                  "centerPoint": {
                    "automatic": false,
                    "name": "centre",
                    "x": 181,
                    "y": 293
                  },
                  "customCollisionMask": [
                    [
                      {
                        "x": 7,
                        "y": 46
                      },
                      {
                        "x": 323,
                        "y": 46
                      },
                      {
                        "x": 323,
                        "y": 339
                      },
                      {
                        "x": 7,
                        "y": 339
                      }
                    ]
                  ]
                },
                {
                  "hasCustomCollisionMask": true,
                  "image": "assets\\BabyRexRun4.png",
                  "points": [],
                  "originPoint": {
                    "name": "origine",
                    "x": 0,
                    "y": 0
                  },
                  "centerPoint": {
                    "automatic": false,
                    "name": "centre",
                    "x": 181,
                    "y": 293
                  },
                  "customCollisionMask": [
                    [
                      {
                        "x": 7,
                        "y": 46
                      },
                      {
                        "x": 323,
                        "y": 46
                      },
                      {
                        "x": 323,
                        "y": 339
                      },
                      {
                        "x": 7,
                        "y": 339
                      }
                    ]
                  ]
                },
                {
                  "hasCustomCollisionMask": true,
                  "image": "assets\\BabyRexRun5.png",
                  "points": [],
                  "originPoint": {
                    "name": "origine",
                    "x": 0,
                    "y": 0
                  },
                  "centerPoint": {
                    "automatic": false,
                    "name": "centre",
                    "x": 181,
                    "y": 293
                  },
                  "customCollisionMask": [
                    [
                      {
                        "x": 7,
                        "y": 46
                      },
                      {
                        "x": 323,
                        "y": 46
                      },
                      {
                        "x": 323,
                        "y": 339
                      },
                      {
                        "x": 7,
                        "y": 339
                      }
                    ]
                  ]
                },
                {
                  "hasCustomCollisionMask": true,
                  "image": "assets\\BabyRexRun6.png",
                  "points": [],
                  "originPoint": {
                    "name": "origine",
                    "x": 0,
                    "y": 0
                  },
                  "centerPoint": {
                    "automatic": false,
                    "name": "centre",
                    "x": 181,
                    "y": 293
                  },
                  "customCollisionMask": [
                    [
                      {
                        "x": 7,
                        "y": 46
                      },
                      {
                        "x": 323,
                        "y": 46
                      },
                      {
                        "x": 323,
                        "y": 339
                      },
                      {
                        "x": 7,
                        "y": 339
                      }
                    ]
                  ]
                },
                {
                  "hasCustomCollisionMask": true,
                  "image": "assets\\BabyRexRun7.png",
                  "points": [],
                  "originPoint": {
                    "name": "origine",
                    "x": 0,
                    "y": 0
                  },
                  "centerPoint": {
                    "automatic": false,
                    "name": "centre",
                    "x": 181,
                    "y": 293
                  },
                  "customCollisionMask": [
                    [
                      {
                        "x": 7,
                        "y": 46
                      },
                      {
                        "x": 323,
                        "y": 46
                      },
                      {
                        "x": 323,
                        "y": 339
                      },
                      {
                        "x": 7,
                        "y": 339
                      }
                    ]
                  ]
                },
                {
                  "hasCustomCollisionMask": true,
                  "image": "assets\\BabyRexRun8.png",
                  "points": [],
                  "originPoint": {
                    "name": "origine",
                    "x": 0,
                    "y": 0
                  },
                  "centerPoint": {
                    "automatic": false,
                    "name": "centre",
                    "x": 181,
                    "y": 293
                  },
                  "customCollisionMask": [
                    [
                      {
                        "x": 7,
                        "y": 46
                      },
                      {
                        "x": 323,
                        "y": 46
                      },
                      {
                        "x": 323,
                        "y": 339
                      },
                      {
                        "x": 7,
                        "y": 339
                      }
                    ]
                  ]
                },
                {
                  "hasCustomCollisionMask": true,
                  "image": "assets\\BabyRexRun9.png",
                  "points": [],
                  "originPoint": {
                    "name": "origine",
                    "x": 0,
                    "y": 0
                  },
                  "centerPoint": {
                    "automatic": false,
                    "name": "centre",
                    "x": 181,
                    "y": 293
                  },
                  "customCollisionMask": [
                    [
                      {
                        "x": 7,
                        "y": 46
                      },
                      {
                        "x": 323,
                        "y": 46
                      },
                      {
                        "x": 323,
                        "y": 339
                      },
                      {
                        "x": 7,
                        "y": 339
                      }
                    ]
                  ]
                },
                {
                  "hasCustomCollisionMask": true,
                  "image": "assets\\BabyRexRun10.png",
                  "points": [],
                  "originPoint": {
                    "name": "origine",
                    "x": 0,
                    "y": 0
                  },
                  "centerPoint": {
                    "automatic": false,
                    "name": "centre",
                    "x": 181,
                    "y": 293
                  },
                  "customCollisionMask": [
                    [
                      {
                        "x": 7,
                        "y": 46
                      },
                      {
                        "x": 323,
                        "y": 46
                      },
                      {
                        "x": 323,
                        "y": 339
                      },
                      {
                        "x": 7,
                        "y": 339
                      }
                    ]
                  ]
                },
                {
                  "hasCustomCollisionMask": true,
                  "image": "assets\\BabyRexRun11.png",
                  "points": [],
                  "originPoint": {
                    "name": "origine",
                    "x": 0,
                    "y": 0
                  },
                  "centerPoint": {
                    "automatic": false,
                    "name": "centre",
                    "x": 181,
                    "y": 293
                  },
                  "customCollisionMask": [
                    [
                      {
                        "x": 7,
                        "y": 46
                      },
                      {
                        "x": 323,
                        "y": 46
                      },
                      {
                        "x": 323,
                        "y": 339
                      },
                      {
                        "x": 7,
                        "y": 339
                      }
                    ]
                  ]
                },
                {
                  "hasCustomCollisionMask": true,
                  "image": "assets\\BabyRexRun12.png",
                  "points": [],
                  "originPoint": {
                    "name": "origine",
                    "x": 0,
                    "y": 0
                  },
                  "centerPoint": {
                    "automatic": false,
                    "name": "centre",
                    "x": 181,
                    "y": 293
                  },
                  "customCollisionMask": [
                    [
                      {
                        "x": 7,
                        "y": 46
                      },
                      {
                        "x": 323,
                        "y": 46
                      },
                      {
                        "x": 323,
                        "y": 339
                      },
                      {
                        "x": 7,
                        "y": 339
                      }
                    ]
                  ]
                },
                {
                  "hasCustomCollisionMask": true,
                  "image": "assets\\BabyRexRun13.png",
                  "points": [],
                  "originPoint": {
                    "name": "origine",
                    "x": 0,
                    "y": 0
                  },
                  "centerPoint": {
                    "automatic": false,
                    "name": "centre",
                    "x": 181,
                    "y": 293
                  },
                  "customCollisionMask": [
                    [
                      {
                        "x": 7,
                        "y": 46
                      },
                      {
                        "x": 323,
                        "y": 46
                      },
                      {
                        "x": 323,
                        "y": 339
                      },
                      {
                        "x": 7,
                        "y": 339
                      }
                    ]
                  ]
                },
                {
                  "hasCustomCollisionMask": true,
                  "image": "assets\\BabyRexRun14.png",
                  "points": [],
                  "originPoint": {
                    "name": "origine",
                    "x": 0,
                    "y": 0
                  },
                  "centerPoint": {
                    "automatic": false,
                    "name": "centre",
                    "x": 181,
                    "y": 293
                  },
                  "customCollisionMask": [
                    [
                      {
                        "x": 7,
                        "y": 46
                      },
                      {
                        "x": 323,
                        "y": 46
                      },
                      {
                        "x": 323,
                        "y": 339
                      },
                      {
                        "x": 7,
                        "y": 339
                      }
                    ]
                  ]
                },
                {
                  "hasCustomCollisionMask": true,
                  "image": "assets\\BabyRexRun15.png",
                  "points": [],
                  "originPoint": {
                    "name": "origine",
                    "x": 0,
                    "y": 0
                  },
                  "centerPoint": {
                    "automatic": false,
                    "name": "centre",
                    "x": 181,
                    "y": 293
                  },
                  "customCollisionMask": [
                    [
                      {
                        "x": 7,
                        "y": 46
                      },
                      {
                        "x": 323,
                        "y": 46
                      },
                      {
                        "x": 323,
                        "y": 339
                      },
                      {
                        "x": 7,
                        "y": 339
                      }
                    ]
                  ]
                },
                {
                  "hasCustomCollisionMask": true,
                  "image": "assets\\BabyRexRun16.png",
                  "points": [],
                  "originPoint": {
                    "name": "origine",
                    "x": 0,
                    "y": 0
                  },
                  "centerPoint": {
                    "automatic": false,
                    "name": "centre",
                    "x": 181,
                    "y": 293
                  },
                  "customCollisionMask": [
                    [
                      {
                        "x": 7,
                        "y": 46
                      },
                      {
                        "x": 323,
                        "y": 46
                      },
                      {
                        "x": 323,
                        "y": 339
                      },
                      {
                        "x": 7,
                        "y": 339
                      }
                    ]
                  ]
                },
                {
                  "hasCustomCollisionMask": true,
                  "image": "assets\\BabyRexRun17.png",
                  "points": [],
                  "originPoint": {
                    "name": "origine",
                    "x": 0,
                    "y": 0
                  },
                  "centerPoint": {
                    "automatic": false,
                    "name": "centre",
                    "x": 181,
                    "y": 293
                  },
                  "customCollisionMask": [
                    [
                      {
                        "x": 7,
                        "y": 46
                      },
                      {
                        "x": 323,
                        "y": 46
                      },
                      {
                        "x": 323,
                        "y": 339
                      },
                      {
                        "x": 7,
                        "y": 339
                      }
                    ]
                  ]
                },
                {
                  "hasCustomCollisionMask": true,
                  "image": "assets\\BabyRexRun18.png",
                  "points": [],
                  "originPoint": {
                    "name": "origine",
                    "x": 0,
                    "y": 0
                  },
                  "centerPoint": {
                    "automatic": false,
                    "name": "centre",
                    "x": 181,
                    "y": 293
                  },
                  "customCollisionMask": [
                    [
                      {
                        "x": 7,
                        "y": 46
                      },
                      {
                        "x": 323,
                        "y": 46
                      },
                      {
                        "x": 323,
                        "y": 339
                      },
                      {
                        "x": 7,
                        "y": 339
                      }
                    ]
                  ]
                },
                {
                  "hasCustomCollisionMask": true,
                  "image": "assets\\BabyRexRun19.png",
                  "points": [],
                  "originPoint": {
                    "name": "origine",
                    "x": 0,
                    "y": 0
                  },
                  "centerPoint": {
                    "automatic": false,
                    "name": "centre",
                    "x": 181,
                    "y": 293
                  },
                  "customCollisionMask": [
                    [
                      {
                        "x": 7,
                        "y": 46
                      },
                      {
                        "x": 323,
                        "y": 46
                      },
                      {
                        "x": 323,
                        "y": 339
                      },
                      {
                        "x": 7,
                        "y": 339
                      }
                    ]
                  ]
                },
                {
                  "hasCustomCollisionMask": true,
                  "image": "assets\\BabyRexRun20.png",
                  "points": [],
                  "originPoint": {
                    "name": "origine",
                    "x": 0,
                    "y": 0
                  },
                  "centerPoint": {
                    "automatic": false,
                    "name": "centre",
                    "x": 181,
                    "y": 293
                  },
                  "customCollisionMask": [
                    [
                      {
                        "x": 7,
                        "y": 46
                      },
                      {
                        "x": 323,
                        "y": 46
                      },
                      {
                        "x": 323,
                        "y": 339
                      },
                      {
                        "x": 7,
                        "y": 339
                      }
                    ]
                  ]
                },
                {
                  "hasCustomCollisionMask": true,
                  "image": "assets\\BabyRexRun21.png",
                  "points": [],
                  "originPoint": {
                    "name": "origine",
                    "x": 0,
                    "y": 0
                  },
                  "centerPoint": {
                    "automatic": false,
                    "name": "centre",
                    "x": 181,
                    "y": 293
                  },
                  "customCollisionMask": [
                    [
                      {
                        "x": 7,
                        "y": 46
                      },
                      {
                        "x": 323,
                        "y": 46
                      },
                      {
                        "x": 323,
                        "y": 339
                      },
                      {
                        "x": 7,
                        "y": 339
                      }
                    ]
                  ]
                }
              ]
            }
          ]
        },
        {
          "name": "Attack",
          "useMultipleDirections": false,
          "directions": [
            {
              "looping": false,
              "timeBetweenFrames": 0.08,
              "sprites": [
                {
                  "hasCustomCollisionMask": true,
                  "image": "assets\\BabyRexAttack.png",
                  "points": [],
                  "originPoint": {
                    "name": "origine",
                    "x": 0,
                    "y": 0
                  },
                  "centerPoint": {
                    "automatic": false,
                    "name": "centre",
                    "x": 181,
                    "y": 293
                  },
                  "customCollisionMask": [
                    [
                      {
                        "x": 7,
                        "y": 46
                      },
                      {
                        "x": 323,
                        "y": 46
                      },
                      {
                        "x": 323,
                        "y": 339
                      },
                      {
                        "x": 7,
                        "y": 339
                      }
                    ]
                  ]
                },
                {
                  "hasCustomCollisionMask": true,
                  "image": "assets\\BabyRexAttack2.png",
                  "points": [],
                  "originPoint": {
                    "name": "origine",
                    "x": 0,
                    "y": 0
                  },
                  "centerPoint": {
                    "automatic": false,
                    "name": "centre",
                    "x": 181,
                    "y": 293
                  },
                  "customCollisionMask": [
                    [
                      {
                        "x": 7,
                        "y": 46
                      },
                      {
                        "x": 323,
                        "y": 46
                      },
                      {
                        "x": 323,
                        "y": 339
                      },
                      {
                        "x": 7,
                        "y": 339
                      }
                    ]
                  ]
                },
                {
                  "hasCustomCollisionMask": true,
                  "image": "assets\\BabyRexAttack3.png",
                  "points": [],
                  "originPoint": {
                    "name": "origine",
                    "x": 0,
                    "y": 0
                  },
                  "centerPoint": {
                    "automatic": false,
                    "name": "centre",
                    "x": 181,
                    "y": 293
                  },
                  "customCollisionMask": [
                    [
                      {
                        "x": 7,
                        "y": 46
                      },
                      {
                        "x": 323,
                        "y": 46
                      },
                      {
                        "x": 323,
                        "y": 339
                      },
                      {
                        "x": 7,
                        "y": 339
                      }
                    ]
                  ]
                },
                {
                  "hasCustomCollisionMask": true,
                  "image": "assets\\BabyRexAttack4.png",
                  "points": [],
                  "originPoint": {
                    "name": "origine",
                    "x": 0,
                    "y": 0
                  },
                  "centerPoint": {
                    "automatic": false,
                    "name": "centre",
                    "x": 181,
                    "y": 293
                  },
                  "customCollisionMask": [
                    [
                      {
                        "x": 7,
                        "y": 46
                      },
                      {
                        "x": 323,
                        "y": 46
                      },
                      {
                        "x": 323,
                        "y": 339
                      },
                      {
                        "x": 7,
                        "y": 339
                      }
                    ]
                  ]
                },
                {
                  "hasCustomCollisionMask": true,
                  "image": "assets\\BabyRexAttack5.png",
                  "points": [],
                  "originPoint": {
                    "name": "origine",
                    "x": 0,
                    "y": 0
                  },
                  "centerPoint": {
                    "automatic": false,
                    "name": "centre",
                    "x": 181,
                    "y": 293
                  },
                  "customCollisionMask": [
                    [
                      {
                        "x": 7,
                        "y": 46
                      },
                      {
                        "x": 323,
                        "y": 46
                      },
                      {
                        "x": 323,
                        "y": 339
                      },
                      {
                        "x": 7,
                        "y": 339
                      }
                    ]
                  ]
                }
              ]
            }
          ]
        }
      ]
    },
    {
      "adaptCollisionMaskAutomatically": true,
      "assetStoreId": "",
      "name": "finish",
      "type": "Sprite",
      "updateIfNotVisible": false,
      "variables": [],
      "effects": [],
      "behaviors": [],
      "animations": [
        {
          "name": "Red_Line",
          "useMultipleDirections": false,
          "directions": [
            {
              "looping": false,
              "metadata": "{\"pskl\":{}}",
              "timeBetweenFrames": 0.08,
              "sprites": [
                {
                  "hasCustomCollisionMask": true,
                  "image": "Red_Line",
                  "points": [],
                  "originPoint": {
                    "name": "origine",
                    "x": 0,
                    "y": 0
                  },
                  "centerPoint": {
                    "automatic": true,
                    "name": "centre",
                    "x": 0,
                    "y": 0
                  },
                  "customCollisionMask": [
                    [
                      {
                        "x": 0,
                        "y": 0
                      },
                      {
                        "x": 64,
                        "y": 0
                      },
                      {
                        "x": 64,
                        "y": 64
                      },
                      {
                        "x": 0,
                        "y": 64
                      }
                    ]
                  ]
                }
              ]
            }
          ]
        }
      ]
    }
  ],
  "objectsFolderStructure": {
    "folderName": "__ROOT",
    "children": [
      {
        "objectName": "Baby_Rex"
      },
      {
        "objectName": "finish"
      }
    ]
  },
  "events": [
    {
      "type": "BuiltinCommonInstructions::Standard",
      "conditions": [],
      "actions": [
        {
          "type": {
            "value": "CentreCamera"
          },
          "parameters": [
            "",
            "Human",
            "",
            "",
            ""
          ]
        }
      ]
    },
    {
      "type": "BuiltinCommonInstructions::Standard",
      "conditions": [
        {
          "type": {
            "value": "CollisionNP"
          },
          "parameters": [
            "Human",
            "finish",
            "",
            "",
            ""
          ]
        }
      ],
      "actions": [
        {
          "type": {
            "value": "ModVarGlobal"
          },
          "parameters": [
            "Loading_Screen",
            "+",
            "1"
          ]
        },
        {
          "type": {
            "value": "Scene"
          },
          "parameters": [
            "",
            "\"Loading Screen\"",
            ""
          ]
        }
      ]
    },
    {
      "type": "BuiltinCommonInstructions::Standard",
      "conditions": [],
      "actions": [
        {
          "type": {
            "value": "Cache"
          },
          "parameters": [
            "finish"
          ]
        }
      ]
    },
    {
      "type": "BuiltinCommonInstructions::Standard",
      "conditions": [
        {
          "type": {
            "value": "RepeatEveryXSeconds::Repeat"
          },
          "parameters": [
            "",
            "\"Follow\"",
            "2",
            ""
          ]
        }
      ],
      "actions": [
        {
          "type": {
            "value": "PathfindingBehavior::Acceleration"
          },
          "parameters": [
            "Baby_Rex",
            "Pathfinding",
            "=",
            "500"
          ]
        },
        {
          "type": {
            "value": "PathfindingBehavior::SetDestination"
          },
          "parameters": [
            "Baby_Rex",
            "Pathfinding",
            "",
            "Human.X()",
            "Human.Y()"
          ]
        },
        {
          "type": {
            "value": "PathfindingBehavior::SetImpassable"
          },
          "parameters": [
            "Invis_Block",
            "PathfindingObstacle",
            "yes"
          ]
        },
        {
          "type": {
            "value": "PathfindingBehavior::SetImpassable"
          },
          "parameters": [
            "invis_slope_Right",
            "PathfindingObstacle",
            "yes"
          ]
        },
        {
          "type": {
            "value": "PathfindingBehavior::SetImpassable"
          },
          "parameters": [
            "invis_slope_left",
            "PathfindingObstacle",
            "yes"
          ]
        }
      ]
    },
    {
      "type": "BuiltinCommonInstructions::Standard",
      "conditions": [
        {
          "type": {
            "value": "DepartScene"
          },
          "parameters": [
            ""
          ]
        }
      ],
      "actions": [
        {
          "type": {
            "value": "Cache"
          },
          "parameters": [
            "invis_slope_Right"
          ]
        },
        {
          "type": {
            "value": "Cache"
          },
          "parameters": [
            "invis_slope_left"
          ]
        },
        {
          "type": {
            "value": "Cache"
          },
          "parameters": [
            "Invis_Block"
          ]
        }
      ]
    },
    {
      "type": "BuiltinCommonInstructions::Standard",
      "conditions": [
        {
          "type": {
            "value": "DepartScene"
          },
          "parameters": [
            ""
          ]
        },
        {
          "type": {
            "value": "BuiltinCommonInstructions::Once"
          },
          "parameters": []
        }
      ],
      "actions": [
        {
          "type": {
            "value": "PlayMusic"
          },
          "parameters": [
            "",
            "Baby_Rex_9sec.mp3",
            "yes",
            "90",
            "1"
          ]
        }
      ]
    },
    {
      "type": "BuiltinCommonInstructions::Standard",
      "conditions": [
        {
          "type": {
            "value": "CollisionNP"
          },
          "parameters": [
            "Baby_Rex",
            "invis_slope_Right",
            "",
            "",
            ""
          ]
        }
      ],
      "actions": [
        {
          "type": {
            "value": "MettreX"
          },
          "parameters": [
            "Baby_Rex",
            "=",
            "Baby_Rex.X() + 5"
          ]
        }
      ]
    },
    {
      "colorB": 228,
      "colorG": 176,
      "colorR": 74,
      "creationTime": 0,
      "name": "Health",
      "source": "",
      "type": "BuiltinCommonInstructions::Group",
      "events": [
        {
          "type": "BuiltinCommonInstructions::Standard",
          "conditions": [],
          "actions": [
            {
              "type": {
                "value": "TextObject::String"
              },
              "parameters": [
                "Count",
                "=",
                "\"\" + ToString(GlobalVariable(Medkit_Count))"
              ]
            }
          ]
        },
        {
          "type": "BuiltinCommonInstructions::Standard",
          "conditions": [],
          "actions": [
            {
              "type": {
                "value": "PanelSpriteContinuousBar::PanelSpriteContinuousBar::SetValue"
              },
              "parameters": [
                "MetalRedBar",
                "=",
                "GlobalVariable(Health)",
                ""
              ]
            }
          ]
        },
        {
          "type": "BuiltinCommonInstructions::Standard",
          "conditions": [
            {
              "type": {
                "value": "CollisionNP"
              },
              "parameters": [
                "Human",
                "Baby_Rex",
                "",
                "",
                ""
              ]
            }
          ],
          "actions": [
            {
              "type": {
                "value": "ModVarGlobal"
              },
              "parameters": [
                "Health",
                "-",
                "1"
              ]
            }
          ]
        },
        {
          "type": "BuiltinCommonInstructions::Standard",
          "conditions": [
            {
              "type": {
                "inverted": true,
                "value": "CollisionNP"
              },
              "parameters": [
                "Human",
                "Medkit",
                "",
                "",
                ""
              ]
            }
          ],
          "actions": [
            {
              "type": {
                "value": "Cache"
              },
              "parameters": [
                "Other_pickup"
              ]
            }
          ]
        },
        {
          "type": "BuiltinCommonInstructions::Standard",
          "conditions": [
            {
              "type": {
                "value": "CollisionNP"
              },
              "parameters": [
                "Human",
                "Medkit",
                "",
                "",
                ""
              ]
            }
          ],
          "actions": [
            {
              "type": {
                "value": "Montre"
              },
              "parameters": [
                "Other_pickup",
                ""
              ]
            }
          ],
          "events": [
            {
              "type": "BuiltinCommonInstructions::Standard",
              "conditions": [
                {
                  "type": {
                    "value": "CollisionNP"
                  },
                  "parameters": [
                    "Human",
                    "Medkit",
                    "",
                    "",
                    ""
                  ]
                },
                {
                  "type": {
                    "value": "KeyPressed"
                  },
                  "parameters": [
                    "",
                    "e"
                  ]
                }
              ],
              "actions": [
                {
                  "type": {
                    "value": "Delete"
                  },
                  "parameters": [
                    "Medkit",
                    ""
                  ]
                },
                {
                  "type": {
                    "value": "Delete"
                  },
                  "parameters": [
                    "Other_pickup",
                    ""
                  ]
                },
                {
                  "type": {
                    "value": "ModVarGlobal"
                  },
                  "parameters": [
                    "Medkit_Count",
                    "+",
                    "1"
                  ]
                }
              ]
            }
          ]
        }
      ],
      "parameters": []
    },
    {
      "disabled": true,
      "type": "BuiltinCommonInstructions::Standard",
      "conditions": [
        {
          "type": {
            "value": "CollisionNP"
          },
          "parameters": [
            "Baby_Rex",
            "invis_slope_left",
            "",
            "",
            ""
          ]
        }
      ],
      "actions": [
        {
          "type": {
            "value": "MettreX"
          },
          "parameters": [
            "Baby_Rex",
            "=",
            "Baby_Rex.X() + 5"
          ]
        }
      ]
    },
    {
      "colorB": 228,
      "colorG": 176,
      "colorR": 74,
      "creationTime": 0,
      "name": "Boss",
      "source": "",
      "type": "BuiltinCommonInstructions::Group",
      "events": [
        {
          "type": "BuiltinCommonInstructions::Standard",
          "conditions": [
            {
              "type": {
                "value": "BuiltinCommonInstructions::Once"
              },
              "parameters": []
            }
          ],
          "actions": [
            {
              "type": {
                "value": "Wait"
              },
              "parameters": [
                "2"
              ]
            },
            {
              "type": {
                "value": "Montre"
              },
              "parameters": [
                "Baby_Rex",
                ""
              ]
            }
          ]
        },
        {
          "type": "BuiltinCommonInstructions::Standard",
          "conditions": [
            {
              "type": {
                "value": "Visible"
              },
              "parameters": [
                "Baby_Rex"
              ]
            },
            {
              "type": {
                "value": "RepeatEveryXSeconds::Repeat"
              },
              "parameters": [
                "",
                "\"Follow\"",
                "2",
                ""
              ]
            }
          ],
          "actions": [
            {
              "type": {
                "value": "PathfindingBehavior::Acceleration"
              },
              "parameters": [
                "Baby_Rex",
                "Pathfinding",
                "=",
                "800"
              ]
            },
            {
              "type": {
                "value": "PathfindingBehavior::SetDestination"
              },
              "parameters": [
                "Baby_Rex",
                "Pathfinding",
                "",
                "Human.X()",
                "Human.Y()"
              ]
            },
            {
              "type": {
                "value": "AnimatableCapability::AnimatableBehavior::SetName"
              },
              "parameters": [
                "Baby_Rex",
                "Animation",
                "=",
                "\"Walking\""
              ]
            }
          ]
        },
        {
          "type": "BuiltinCommonInstructions::Standard",
          "conditions": [
            {
              "type": {
                "value": "Visible"
              },
              "parameters": [
                "Baby_Rex"
              ]
            },
            {
              "type": {
                "value": "CollisionNP"
              },
              "parameters": [
                "Baby_Rex",
                "Human",
                "",
                "",
                ""
              ]
            }
          ],
          "actions": [
            {
              "type": {
                "value": "AnimatableCapability::AnimatableBehavior::SetName"
              },
              "parameters": [
                "Baby_Rex",
                "Animation",
                "=",
                "\"Attack\""
              ]
            },
            {
              "type": {
                "value": "Health::Health::Hit"
              },
              "parameters": [
                "Human",
                "Health",
                "10",
                "no",
                "no",
                ""
              ]
            }
          ]
        },
        {
          "type": "BuiltinCommonInstructions::Standard",
          "conditions": [],
          "actions": []
        }
      ],
      "parameters": []
    },
    {
      "disabled": true,
      "type": "BuiltinCommonInstructions::Standard",
      "conditions": [
        {
          "type": {
            "value": "CollisionNP"
          },
          "parameters": [
            "Baby_Rex",
            "Invis_Block",
            "",
            "",
            ""
          ]
        }
      ],
      "actions": [
        {
          "type": {
            "value": "MettreX"
          },
          "parameters": [
            "Baby_Rex",
            "=",
            "Baby_Rex.X() + 5"
          ]
        }
      ]
    },
    {
      "colorB": 228,
      "colorG": 176,
      "colorR": 74,
      "creationTime": 0,
      "folded": true,
      "name": "Weapons",
      "source": "",
      "type": "BuiltinCommonInstructions::Group",
      "events": [
        {
          "type": "BuiltinCommonInstructions::Standard",
          "conditions": [
            {
              "type": {
                "value": "CollisionNP"
              },
              "parameters": [
                "Human",
                "Rifle",
                "",
                "",
                ""
              ]
            },
            {
              "type": {
                "value": "KeyPressed"
              },
              "parameters": [
                "",
                "e"
              ]
            }
          ],
          "actions": [
            {
              "type": {
                "value": "ModVarGlobal"
              },
              "parameters": [
                "Pickup",
                "=",
                "1"
              ]
            }
          ]
        },
        {
          "type": "BuiltinCommonInstructions::Standard",
          "conditions": [
            {
              "type": {
                "value": "IsMouseWheelScrollingDown"
              },
              "parameters": [
                ""
              ]
            }
          ],
          "actions": [
            {
              "type": {
                "value": "SetGlobalVariableAsBoolean"
              },
              "parameters": [
                "Weapon",
                "False"
              ]
            }
          ]
        },
        {
          "type": "BuiltinCommonInstructions::Standard",
          "conditions": [
            {
              "type": {
                "value": "IsMouseWheelScrollingUp"
              },
              "parameters": [
                ""
              ]
            }
          ],
          "actions": [
            {
              "type": {
                "value": "SetGlobalVariableAsBoolean"
              },
              "parameters": [
                "Weapon",
                "True"
              ]
            }
          ]
        },
        {
          "type": "BuiltinCommonInstructions::Standard",
          "conditions": [
            {
              "type": {
                "value": "VarGlobal"
              },
              "parameters": [
                "Pickup",
                "=",
                "1"
              ]
            }
          ],
          "actions": [
            {
              "type": {
                "value": "MettreXY"
              },
              "parameters": [
                "Rifle",
                "=",
                "Human.PointX(\"Gun\")",
                "=",
                "Human.PointY(\"Gun\")"
              ]
            },
            {
              "type": {
                "value": "RotateTowardPosition"
              },
              "parameters": [
                "Rifle",
                "MouseX()",
                "MouseY()",
                "0",
                ""
              ]
            },
            {
              "type": {
                "value": "Montre"
              },
              "parameters": [
                "Rifle",
                ""
              ]
            },
            {
              "type": {
                "value": "Delete"
              },
              "parameters": [
                "pickup",
                ""
              ]
            }
          ],
          "events": [
            {
              "type": "BuiltinCommonInstructions::Standard",
              "conditions": [
                {
                  "type": {
                    "value": "GlobalVariableAsBoolean"
                  },
                  "parameters": [
                    "Weapon",
                    "True"
                  ]
                }
              ],
              "actions": [
                {
                  "type": {
                    "value": "Cache"
                  },
                  "parameters": [
                    "Rifle"
                  ]
                },
                {
                  "type": {
                    "value": "Montre"
                  },
                  "parameters": [
                    "Shotgun",
                    ""
                  ]
                },
                {
                  "type": {
                    "value": "MettreXY"
                  },
                  "parameters": [
                    "Shotgun",
                    "=",
                    "Human.PointX(\"Gun\")",
                    "=",
                    "Human.PointY(\"Gun\")"
                  ]
                },
                {
                  "type": {
                    "value": "RotateTowardPosition"
                  },
                  "parameters": [
                    "Shotgun",
                    "MouseX()",
                    "MouseY()",
                    "0",
                    ""
                  ]
                }
              ],
              "events": [
                {
                  "type": "BuiltinCommonInstructions::Standard",
                  "conditions": [
                    {
                      "type": {
                        "value": "MouseButtonPressed"
                      },
                      "parameters": [
                        "",
                        "Left"
                      ]
                    }
                  ],
                  "actions": [
                    {
                      "type": {
                        "value": "FireBullet::FireBullet::FireTowardPosition"
                      },
                      "parameters": [
                        "Shotgun",
                        "FireBullet",
                        "Shotgun.X(\"Bullet\")",
                        "Shotgun.Y(\"Bullet\")",
                        "Bullet",
                        "CursorX()",
                        "CursorY()",
                        "300",
                        ""
                      ]
                    }
                  ]
                }
              ]
            },
            {
              "type": "BuiltinCommonInstructions::Standard",
              "conditions": [
                {
                  "type": {
                    "value": "GlobalVariableAsBoolean"
                  },
                  "parameters": [
                    "Weapon",
                    "="
                  ]
                }
              ],
              "actions": [
                {
                  "type": {
                    "value": "Cache"
                  },
                  "parameters": [
                    "Shotgun"
                  ]
                },
                {
                  "type": {
                    "value": "Montre"
                  },
                  "parameters": [
                    "Rifle",
                    ""
                  ]
                },
                {
                  "type": {
                    "value": "MettreXY"
                  },
                  "parameters": [
                    "Rifle",
                    "=",
                    "Human.PointX(\"Gun\")",
                    "=",
                    "Human.PointY(\"Gun\")"
                  ]
                },
                {
                  "type": {
                    "value": "RotateTowardPosition"
                  },
                  "parameters": [
                    "Rifle",
                    "MouseX()",
                    "MouseY()",
                    "0",
                    ""
                  ]
                }
              ],
              "events": [
                {
                  "type": "BuiltinCommonInstructions::Standard",
                  "conditions": [
                    {
                      "type": {
                        "value": "MouseButtonPressed"
                      },
                      "parameters": [
                        "",
                        "Left"
                      ]
                    }
                  ],
                  "actions": [
                    {
                      "type": {
                        "value": "FireBullet::FireBullet::FireTowardPosition"
                      },
                      "parameters": [
                        "Rifle",
                        "FireBullet",
                        "Rifle.X(\"Bullet\")",
                        "Rifle.Y(\"Bullet\")",
                        "Bullet",
                        "CursorX()",
                        "CursorY()",
                        "500",
                        ""
                      ]
                    }
                  ]
                }
              ]
            }
          ]
        }
      ],
      "parameters": []
    },
    {
      "type": "BuiltinCommonInstructions::Standard",
      "conditions": [
        {
          "type": {
            "value": "DepartScene"
          },
          "parameters": [
            ""
          ]
        }
      ],
      "actions": [
        {
          "type": {
            "value": "Cache"
          },
          "parameters": [
            "invis_slope_Right"
          ]
        },
        {
          "type": {
            "value": "Cache"
          },
          "parameters": [
            "invis_slope_left"
          ]
        },
        {
          "type": {
            "value": "Cache"
          },
          "parameters": [
            "Invis_Block"
          ]
        }
      ]
    }
  ],
  "layers": [
    {
      "ambientLightColorB": 200,
      "ambientLightColorG": 200,
      "ambientLightColorR": 200,
      "camera3DFarPlaneDistance": 10000,
      "camera3DFieldOfView": 45,
      "camera3DNearPlaneDistance": 0.1,
      "followBaseLayerCamera": false,
      "isLightingLayer": false,
      "isLocked": false,
      "name": "",
      "renderingType": "",
      "visibility": true,
      "cameras": [
        {
          "defaultSize": true,
          "defaultViewport": true,
          "height": 0,
          "viewportBottom": 1,
          "viewportLeft": 0,
          "viewportRight": 1,
          "viewportTop": 0,
          "width": 0
        }
      ],
      "effects": [
        {
          "effectType": "Scene3D::HemisphereLight",
          "name": "3D Light",
          "doubleParameters": {
            "elevation": 45,
            "intensity": 1,
            "rotation": 0
          },
          "stringParameters": {
            "groundColor": "64;64;64",
            "skyColor": "255;255;255",
            "top": "Y-"
          },
          "booleanParameters": {}
        }
      ]
    },
    {
      "ambientLightColorB": 200,
      "ambientLightColorG": 200,
      "ambientLightColorR": 200,
      "camera3DFarPlaneDistance": 10000,
      "camera3DFieldOfView": 45,
      "camera3DNearPlaneDistance": 0.1,
      "followBaseLayerCamera": false,
      "isLightingLayer": false,
      "isLocked": true,
      "name": "Health",
      "renderingType": "",
      "visibility": true,
      "cameras": [],
      "effects": []
    }
  ],
  "behaviorsSharedData": [
    {
      "name": "Animation",
      "type": "AnimatableCapability::AnimatableBehavior"
    },
    {
      "name": "DrawPathfinding",
      "type": "DrawPathfinding::DrawPathfinding"
    },
    {
      "name": "Effect",
      "type": "EffectCapability::EffectBehavior"
    },
    {
      "name": "FireBullet",
      "type": "FireBullet::FireBullet"
    },
    {
      "name": "Flippable",
      "type": "FlippableCapability::FlippableBehavior"
    },
    {
      "name": "Health",
      "type": "Health::Health"
    },
    {
      "name": "Opacity",
      "type": "OpacityCapability::OpacityBehavior"
    },
    {
      "name": "Pathfinding",
      "type": "PathfindingBehavior::PathfindingBehavior"
    },
    {
      "name": "PathfindingObstacle",
      "type": "PathfindingBehavior::PathfindingObstacleBehavior"
    },
    {
      "name": "Platform",
      "type": "PlatformBehavior::PlatformBehavior"
    },
    {
      "name": "PlatformerObject",
      "type": "PlatformBehavior::PlatformerObjectBehavior"
    },
    {
      "name": "RemapForPlatformer",
      "type": "BehaviorRemapper::RemapForPlatformer"
    },
    {
      "name": "Resizable",
      "type": "ResizableCapability::ResizableBehavior"
    },
    {
      "name": "Scale",
      "type": "ScalableCapability::ScalableBehavior"
    },
    {
      "name": "Text",
      "type": "TextContainerCapability::TextContainerBehavior"
    },
    {
      "name": "ThreeDFlip",
      "type": "ThreeDFlip::ThreeDFlip"
    }
  ]
}