{
  "b": 177,
  "disableInputWhenNotFocused": true,
  "mangledName": "Scene_321",
  "name": "Scene 1",
  "r": 177,
  "standardSortMethod": true,
  "stopSoundsOnStartup": true,
  "title": "",
  "v": 177,
  "uiSettings": {
    "grid": false,
    "gridType": "rectangular",
    "gridWidth": 32,
    "gridHeight": 32,
    "gridOffsetX": 0,
    "gridOffsetY": 0,
    "gridColor": 10401023,
    "gridAlpha": 0.8,
    "snap": false,
    "zoomFactor": 0.5250860067782516,
    "windowMask": false
  },
  "objectsGroups": [],
  "variables": [],
  "instances": [
    {
      "angle": 0,
      "customSize": true,
      "depth": 0,
      "height": 1312,
      "layer": "",
      "name": "Invis_Block",
      "persistentUuid": "95dc254b-2c5e-4a2e-960f-cfb0cf6f2553",
      "width": 64,
      "x": 0,
      "y": -224,
      "zOrder": 1,
      "numberProperties": [],
      "stringProperties": [],
      "initialVariables": []
    },
    {
      "angle": 0,
      "customSize": true,
      "depth": 0,
      "height": 94,
      "layer": "",
      "name": "Human",
      "persistentUuid": "8bc11ece-29ad-43f9-bb91-39fb411bce38",
      "width": 96,
      "x": 1088,
      "y": 864,
      "zOrder": 2,
      "numberProperties": [],
      "stringProperties": [],
      "initialVariables": []
    },
    {
      "angle": 0,
      "customSize": true,
      "depth": 0,
      "height": 64,
      "layer": "",
      "name": "Invis_Block",
      "persistentUuid": "93233433-44a9-4692-a9f2-ba90b2ee58db",
      "width": 3264,
      "x": 64,
      "y": 1024,
      "zOrder": 3,
      "numberProperties": [],
      "stringProperties": [],
      "initialVariables": []
    },
    {
      "angle": 0,
      "customSize": true,
      "depth": 0,
      "height": 384,
      "layer": "",
      "name": "invis_slope_Right",
      "persistentUuid": "56bf7f57-a8ba-4ef3-9a37-1391c0a4f1f3",
      "width": 1216,
      "x": 2112,
      "y": 640,
      "zOrder": 6,
      "numberProperties": [],
      "stringProperties": [],
      "initialVariables": []
    },
    {
      "angle": 0,
      "customSize": true,
      "depth": 0,
      "height": 1344,
      "layer": "",
      "name": "Invis_Block",
      "persistentUuid": "1d4a8a99-139c-414a-84cd-797eab88d78c",
      "width": 64,
      "x": 3328,
      "y": -256,
      "zOrder": 7,
      "numberProperties": [],
      "stringProperties": [],
      "initialVariables": []
    },
    {
      "angle": 0,
      "customSize": true,
      "depth": 0,
      "height": 1312,
      "layer": "",
      "name": "Tp",
      "persistentUuid": "fd45a663-8c82-4912-a908-8b8c06942f3d",
      "width": 64,
      "x": 3264,
      "y": -256,
      "zOrder": 8,
      "numberProperties": [],
      "stringProperties": [],
      "initialVariables": []
    },
    {
      "angle": 0,
      "customSize": false,
      "height": 0,
      "layer": "Layer",
      "name": "humannnn",
      "persistentUuid": "0acd3a34-7d40-43aa-ac4e-af8ee94bf500",
      "width": 0,
      "x": 128,
      "y": 64,
      "zOrder": 9,
      "numberProperties": [],
      "stringProperties": [],
      "initialVariables": []
    },
    {
      "angle": 0,
      "customSize": false,
      "height": 0,
      "layer": "Layer",
      "name": "humannnn",
      "persistentUuid": "358726cf-f530-4b00-9740-dac94f7a8c64",
      "width": 0,
      "x": 736,
      "y": 224,
      "zOrder": 10,
      "numberProperties": [],
      "stringProperties": [],
      "initialVariables": []
    },
    {
      "angle": 0,
      "customSize": true,
      "depth": 0,
      "height": 126,
      "layer": "Health",
      "name": "humannnn",
      "persistentUuid": "9b2df23c-6372-4ac7-9c35-b5178d91ade9",
      "width": 126,
      "x": 34,
      "y": 34,
      "zOrder": 11,
      "numberProperties": [],
      "stringProperties": [],
      "initialVariables": []
    },
    {
      "angle": 0,
      "customSize": true,
      "depth": 32,
      "height": 32,
      "layer": "Health",
      "name": "MetalRedBar",
      "persistentUuid": "15b8ced3-5894-408b-876a-467f383920fd",
      "width": 256,
      "x": 160,
      "y": 32,
      "zOrder": 12,
      "numberProperties": [],
      "stringProperties": [],
      "initialVariables": []
    },
    {
      "angle": 0,
      "customSize": true,
      "depth": 1,
      "height": 100,
      "layer": "",
      "name": "Grass",
      "persistentUuid": "4c77d3a8-7da4-481d-9ea9-51d3bea46dff",
      "width": 3296,
      "x": -1056,
      "y": 1024,
      "zOrder": 13,
      "numberProperties": [],
      "stringProperties": [],
      "initialVariables": []
    },
    {
      "angle": -18,
      "customSize": true,
      "depth": 2,
      "height": 197,
      "layer": "",
      "name": "Grass",
      "persistentUuid": "d6b1350d-3cd1-4e99-84c8-9db98f4569eb",
      "width": 2527,
      "x": 2016,
      "y": 642,
      "zOrder": 14,
      "numberProperties": [],
      "stringProperties": [],
      "initialVariables": []
    },
    {
      "angle": -18,
      "customSize": true,
      "depth": 18,
      "height": 1372,
      "layer": "",
      "name": "dirt",
      "persistentUuid": "74b3ab0c-e9ba-4676-9525-3fe898f6cf9d",
      "width": 2482,
      "x": 2295,
      "y": 670,
      "zOrder": 17,
      "numberProperties": [],
      "stringProperties": [],
      "initialVariables": []
    },
    {
      "angle": 0,
      "customSize": true,
      "depth": 9,
      "height": 678,
      "layer": "",
      "name": "dirt",
      "persistentUuid": "0dbdf8eb-aeb1-4cc8-b3e6-5999472618a1",
      "width": 3264,
      "x": -800,
      "y": 1088,
      "zOrder": 17,
      "numberProperties": [],
      "stringProperties": [],
      "initialVariables": []
    },
    {
      "angle": 0,
      "customSize": true,
      "depth": 1,
      "height": 36,
      "layer": "",
      "name": "Rifle",
      "persistentUuid": "3f8b53e8-54c8-4e29-a7f6-278247f083bf",
      "width": 41,
      "x": 312,
      "y": 428,
      "zOrder": 18,
      "numberProperties": [],
      "stringProperties": [],
      "initialVariables": []
    }
  ],
  "objects": [
    {
      "assetStoreId": "",
      "bold": true,
      "italic": false,
      "name": "NewText",
      "smoothed": true,
      "type": "TextObject::Text",
      "underlined": false,
      "variables": [],
      "effects": [],
      "behaviors": [],
      "string": "Gate from the tutorial \n←←←←←←",
      "font": "",
      "textAlignment": "left",
      "characterSize": 90,
      "color": {
        "b": 0,
        "g": 0,
        "r": 0
      }
    },
    {
      "assetStoreId": "",
      "bold": true,
      "italic": false,
      "name": "NewText2",
      "smoothed": true,
      "type": "TextObject::Text",
      "underlined": false,
      "variables": [],
      "effects": [],
      "behaviors": [],
      "string": "New area / forest \n→→→→→→→→→",
      "font": "",
      "textAlignment": "left",
      "characterSize": 90,
      "color": {
        "b": 0,
        "g": 0,
        "r": 0
      }
    },
    {
      "adaptCollisionMaskAutomatically": true,
      "assetStoreId": "",
      "name": "Tp",
      "type": "Sprite",
      "updateIfNotVisible": false,
      "variables": [],
      "effects": [],
      "behaviors": [],
      "animations": [
        {
          "name": "",
          "useMultipleDirections": false,
          "directions": [
            {
              "looping": false,
              "timeBetweenFrames": 0.08,
              "sprites": [
                {
                  "hasCustomCollisionMask": true,
                  "image": "assets\\Red_Line.png",
                  "points": [],
                  "originPoint": {
                    "name": "origine",
                    "x": 0,
                    "y": 0
                  },
                  "centerPoint": {
                    "automatic": true,
                    "name": "centre",
                    "x": 0,
                    "y": 0
                  },
                  "customCollisionMask": [
                    [
                      {
                        "x": 0,
                        "y": 0
                      },
                      {
                        "x": 64,
                        "y": 0
                      },
                      {
                        "x": 64,
                        "y": 64
                      },
                      {
                        "x": 0,
                        "y": 64
                      }
                    ]
                  ]
                }
              ]
            }
          ]
        }
      ]
    },
    {
      "adaptCollisionMaskAutomatically": true,
      "assetStoreId": "",
      "name": "NewSprite",
      "type": "Sprite",
      "updateIfNotVisible": false,
      "variables": [],
      "effects": [],
      "behaviors": [],
      "animations": []
    }
  ],
  "objectsFolderStructure": {
    "folderName": "__ROOT",
    "children": [
      {
        "objectName": "NewText"
      },
      {
        "objectName": "NewText2"
      },
      {
        "objectName": "Tp"
      },
      {
        "objectName": "NewSprite"
      }
    ]
  },
  "events": [
    {
      "type": "BuiltinCommonInstructions::Standard",
      "conditions": [],
      "actions": [
        {
          "type": {
            "value": "SetCameraCenterX"
          },
          "parameters": [
            "",
            "=",
            "lerp(CameraX(), Human.X(), 0.1)",
            "",
            ""
          ]
        },
        {
          "type": {
            "value": "SetCameraCenterY"
          },
          "parameters": [
            "",
            "=",
            "lerp(CameraY(), Human.Y(), 0.1)",
            "",
            ""
          ]
        },
        {
          "type": {
            "value": "ZoomCamera"
          },
          "parameters": [
            "",
            "2",
            "",
            ""
          ]
        }
      ]
    },
    {
      "type": "BuiltinCommonInstructions::Standard",
      "conditions": [
        {
          "type": {
            "value": "CollisionNP"
          },
          "parameters": [
            "Human",
            "Tp",
            "",
            "",
            ""
          ]
        }
      ],
      "actions": [
        {
          "type": {
            "value": "ModVarGlobal"
          },
          "parameters": [
            "Loading_Screen",
            "+",
            "1"
          ]
        },
        {
          "type": {
            "value": "Scene"
          },
          "parameters": [
            "",
            "\"Loading Screen\"",
            ""
          ]
        }
      ]
    },
    {
      "type": "BuiltinCommonInstructions::Standard",
      "conditions": [
        {
          "type": {
            "value": "DepartScene"
          },
          "parameters": [
            ""
          ]
        },
        {
          "type": {
            "value": "BuiltinCommonInstructions::Once"
          },
          "parameters": []
        }
      ],
      "actions": [
        {
          "type": {
            "value": "PlayMusic"
          },
          "parameters": [
            "",
            "Tutorial-End.mp3",
            "yes",
            "90",
            "1"
          ]
        }
      ]
    },
    {
      "type": "BuiltinCommonInstructions::Standard",
      "conditions": [
        {
          "type": {
            "value": "DepartScene"
          },
          "parameters": [
            ""
          ]
        }
      ],
      "actions": [
        {
          "type": {
            "value": "Cache"
          },
          "parameters": [
            "invis_slope_Right"
          ]
        },
        {
          "type": {
            "value": "Cache"
          },
          "parameters": [
            "invis_slope_left"
          ]
        },
        {
          "type": {
            "value": "Cache"
          },
          "parameters": [
            "Invis_Block"
          ]
        }
      ]
    },
    {
      "type": "BuiltinCommonInstructions::Standard",
      "conditions": [],
      "actions": []
    },
    {
      "colorB": 228,
      "colorG": 176,
      "colorR": 74,
      "creationTime": 0,
      "name": "Weapon",
      "source": "",
      "type": "BuiltinCommonInstructions::Group",
      "events": [
        {
          "type": "BuiltinCommonInstructions::Standard",
          "conditions": [],
          "actions": [
            {
              "type": {
                "value": "ModVarGlobal"
              },
              "parameters": [
                "Pickup",
                "=",
                "1"
              ]
            }
          ]
        },
        {
          "type": "BuiltinCommonInstructions::Standard",
          "conditions": [
            {
              "type": {
                "value": "VarGlobal"
              },
              "parameters": [
                "Pickup",
                "=",
                "1"
              ]
            }
          ],
          "actions": [
            {
              "type": {
                "value": "MettreXY"
              },
              "parameters": [
                "Rifle",
                "=",
                "Human.PointX(\"Gun\")",
                "=",
                "Human.PointY(\"Gun\")"
              ]
            },
            {
              "type": {
                "value": "RotateTowardPosition"
              },
              "parameters": [
                "Rifle",
                "MouseX()",
                "MouseY()",
                "0",
                ""
              ]
            },
            {
              "type": {
                "value": "Montre"
              },
              "parameters": [
                "Rifle",
                ""
              ]
            },
            {
              "type": {
                "value": "Delete"
              },
              "parameters": [
                "pickup",
                ""
              ]
            }
          ],
          "events": [
            {
              "type": "BuiltinCommonInstructions::Standard",
              "conditions": [
                {
                  "type": {
                    "value": "MouseButtonPressed"
                  },
                  "parameters": [
                    "",
                    "Left"
                  ]
                }
              ],
              "actions": [
                {
                  "type": {
                    "value": "FireBullet::FireBullet::FireTowardPosition"
                  },
                  "parameters": [
                    "Rifle",
                    "FireBullet",
                    "Rifle.X(\"Bullet\")",
                    "Rifle.Y(\"Bullet\")",
                    "Bullet",
                    "CursorX()",
                    "CursorY()",
                    "500",
                    ""
                  ]
                },
                {
                  "type": {
                    "value": "ScalableCapability::ScalableBehavior::SetValue"
                  },
                  "parameters": [
                    "Bullet",
                    "Scale",
                    "=",
                    "0.5"
                  ]
                }
              ]
            }
          ]
        }
      ],
      "parameters": []
    }
  ],
  "layers": [
    {
      "ambientLightColorB": 200,
      "ambientLightColorG": 200,
      "ambientLightColorR": 200,
      "camera3DFarPlaneDistance": 10000,
      "camera3DFieldOfView": 45,
      "camera3DNearPlaneDistance": 0.1,
      "followBaseLayerCamera": false,
      "isLightingLayer": false,
      "isLocked": false,
      "name": "",
      "renderingType": "",
      "visibility": true,
      "cameras": [
        {
          "defaultSize": true,
          "defaultViewport": true,
          "height": 0,
          "viewportBottom": 1,
          "viewportLeft": 0,
          "viewportRight": 1,
          "viewportTop": 0,
          "width": 0
        }
      ],
      "effects": []
    },
    {
      "ambientLightColorB": 200,
      "ambientLightColorG": 200,
      "ambientLightColorR": 200,
      "camera3DFarPlaneDistance": 10000,
      "camera3DFieldOfView": 45,
      "camera3DNearPlaneDistance": 0.1,
      "followBaseLayerCamera": false,
      "isLightingLayer": false,
      "isLocked": true,
      "name": "Health",
      "renderingType": "",
      "visibility": true,
      "cameras": [],
      "effects": []
    }
  ],
  "behaviorsSharedData": [
    {
      "name": "Animation",
      "type": "AnimatableCapability::AnimatableBehavior"
    },
    {
      "name": "Effect",
      "type": "EffectCapability::EffectBehavior"
    },
    {
      "name": "FireBullet",
      "type": "FireBullet::FireBullet"
    },
    {
      "name": "Flippable",
      "type": "FlippableCapability::FlippableBehavior"
    },
    {
      "name": "Health",
      "type": "Health::Health"
    },
    {
      "name": "Opacity",
      "type": "OpacityCapability::OpacityBehavior"
    },
    {
      "name": "PathfindingObstacle",
      "type": "PathfindingBehavior::PathfindingObstacleBehavior"
    },
    {
      "name": "Platform",
      "type": "PlatformBehavior::PlatformBehavior"
    },
    {
      "name": "PlatformerObject",
      "type": "PlatformBehavior::PlatformerObjectBehavior"
    },
    {
      "name": "RemapForPlatformer",
      "type": "BehaviorRemapper::RemapForPlatformer"
    },
    {
      "name": "Resizable",
      "type": "ResizableCapability::ResizableBehavior"
    },
    {
      "name": "Scale",
      "type": "ScalableCapability::ScalableBehavior"
    },
    {
      "name": "Text",
      "type": "TextContainerCapability::TextContainerBehavior"
    },
    {
      "name": "ThreeDFlip",
      "type": "ThreeDFlip::ThreeDFlip"
    }
  ]
}