{
  "b": 155,
  "disableInputWhenNotFocused": true,
  "mangledName": "Scene_323",
  "name": "Scene 3",
  "r": 158,
  "standardSortMethod": true,
  "stopSoundsOnStartup": true,
  "title": "",
  "v": 155,
  "uiSettings": {
    "grid": false,
    "gridType": "rectangular",
    "gridWidth": 32,
    "gridHeight": 32,
    "gridOffsetX": 0,
    "gridOffsetY": 0,
    "gridColor": 10401023,
    "gridAlpha": 0.8,
    "snap": false,
    "zoomFactor": 0.31928945896901795,
    "windowMask": false
  },
  "objectsGroups": [],
  "variables": [],
  "instances": [
    {
      "angle": 0,
      "customSize": true,
      "depth": 1,
      "height": 94,
      "layer": "",
      "name": "Human",
      "persistentUuid": "60e33f3f-63c4-420a-be72-a0e8dc201a49",
      "width": 94,
      "x": -32,
      "y": 1026,
      "zOrder": 1,
      "numberProperties": [],
      "stringProperties": [],
      "initialVariables": []
    },
    {
      "angle": 0,
      "customSize": true,
      "depth": 1,
      "height": 64,
      "layer": "",
      "name": "Invis_Block",
      "persistentUuid": "6b779c43-16c2-4719-9385-07c168086e0f",
      "width": 6848,
      "x": -2048,
      "y": 1120,
      "zOrder": 2,
      "numberProperties": [],
      "stringProperties": [],
      "initialVariables": []
    },
    {
      "angle": 0,
      "customSize": true,
      "depth": 1,
      "height": 224,
      "layer": "",
      "name": "invis_slope_left",
      "persistentUuid": "a31a8add-eb6a-49bf-a662-944313fc5442",
      "width": 176,
      "x": 1744,
      "y": 896,
      "zOrder": 5,
      "numberProperties": [],
      "stringProperties": [],
      "initialVariables": []
    },
    {
      "angle": 0,
      "customSize": true,
      "depth": 1,
      "height": 224,
      "layer": "",
      "name": "invis_slope_Right",
      "persistentUuid": "f8dfbd23-11ca-4c02-9a19-b956371b429e",
      "width": 176,
      "x": 1568,
      "y": 896,
      "zOrder": 6,
      "numberProperties": [],
      "stringProperties": [],
      "initialVariables": []
    },
    {
      "angle": 0,
      "customSize": false,
      "height": 0,
      "layer": "",
      "name": "pickup",
      "persistentUuid": "9afc4107-c921-485f-964c-cfc6409cc0f6",
      "width": 0,
      "x": 241,
      "y": 1034,
      "zOrder": 10,
      "numberProperties": [],
      "stringProperties": [],
      "initialVariables": []
    },
    {
      "angle": 0,
      "customSize": true,
      "depth": 1,
      "height": 64,
      "layer": "",
      "name": "Shotgun",
      "persistentUuid": "f7025ff3-39f1-403e-a237-979dd2a4abd8",
      "width": 64,
      "x": 401,
      "y": 1012,
      "zOrder": 11,
      "numberProperties": [],
      "stringProperties": [],
      "initialVariables": []
    },
    {
      "angle": 0,
      "customSize": true,
      "depth": 0,
      "height": 128,
      "layer": "Health",
      "name": "humannnn",
      "persistentUuid": "5a1bf3a3-53a7-4de4-a1f4-c87c008bb703",
      "width": 128,
      "x": 32,
      "y": 32,
      "zOrder": 12,
      "numberProperties": [],
      "stringProperties": [],
      "initialVariables": []
    },
    {
      "angle": 0,
      "customSize": true,
      "depth": 32,
      "height": 32,
      "layer": "Health",
      "name": "MetalRedBar",
      "persistentUuid": "149605a7-1b94-43d7-82ff-9e97f2353628",
      "width": 256,
      "x": 160,
      "y": 32,
      "zOrder": 13,
      "numberProperties": [],
      "stringProperties": [],
      "initialVariables": []
    },
    {
      "angle": 0,
      "customSize": true,
      "depth": 1,
      "height": 32,
      "layer": "",
      "name": "Medkit",
      "persistentUuid": "70b485c9-16ab-4606-95da-3930ffcf1f11",
      "width": 32,
      "x": 170,
      "y": 1083,
      "zOrder": 14,
      "numberProperties": [],
      "stringProperties": [],
      "initialVariables": []
    },
    {
      "angle": 0,
      "customSize": false,
      "height": 0,
      "layer": "",
      "name": "Other_pickup",
      "persistentUuid": "03da2ff5-bc35-4e5b-b1c0-3a236bf76192",
      "width": 0,
      "x": 57,
      "y": 1066,
      "zOrder": 15,
      "numberProperties": [],
      "stringProperties": [],
      "initialVariables": []
    },
    {
      "angle": 0,
      "customSize": true,
      "depth": 1,
      "height": 32,
      "layer": "",
      "name": "Medkit",
      "persistentUuid": "e5d057a0-e28f-41fa-bc1a-9408cfe9327c",
      "width": 32,
      "x": 64,
      "y": 1088,
      "zOrder": 14,
      "numberProperties": [],
      "stringProperties": [],
      "initialVariables": []
    },
    {
      "angle": 0,
      "customSize": true,
      "depth": 1,
      "height": 32,
      "layer": "",
      "name": "Medkit",
      "persistentUuid": "5f38ecef-2c89-4ebc-b190-ac5a0eae7a32",
      "width": 32,
      "x": 117,
      "y": 1081,
      "zOrder": 14,
      "numberProperties": [],
      "stringProperties": [],
      "initialVariables": []
    },
    {
      "angle": 0,
      "customSize": false,
      "height": 0,
      "layer": "Health",
      "name": "Medkit_Display",
      "persistentUuid": "c074fb02-30b0-48b5-9722-9ab0eae8f8df",
      "width": 0,
      "x": 160,
      "y": 64,
      "zOrder": 17,
      "numberProperties": [],
      "stringProperties": [],
      "initialVariables": []
    },
    {
      "angle": 0,
      "customSize": true,
      "depth": 1,
      "height": 24,
      "layer": "Health",
      "name": "Count",
      "persistentUuid": "f9ff2ee1-cf2f-43db-8b6a-09fa88cf28d9",
      "width": 89,
      "x": 256,
      "y": 102,
      "zOrder": 18,
      "numberProperties": [],
      "stringProperties": [],
      "initialVariables": []
    },
    {
      "angle": 0,
      "customSize": false,
      "height": 0,
      "layer": "Health",
      "name": "Finish",
      "persistentUuid": "5a0f6ded-d9ba-4e5f-8b41-cc4ab87ccaea",
      "width": 0,
      "x": 448,
      "y": 1056,
      "zOrder": 19,
      "numberProperties": [],
      "stringProperties": [],
      "initialVariables": []
    },
    {
      "angle": 0,
      "customSize": true,
      "depth": 1,
      "height": 47,
      "layer": "",
      "name": "Rifle",
      "persistentUuid": "70b0a4c0-0bb0-4ab3-94c4-75ddd27a9291",
      "width": 52,
      "x": 269,
      "y": 1074,
      "zOrder": 20,
      "numberProperties": [],
      "stringProperties": [],
      "initialVariables": []
    },
    {
      "angle": 0,
      "customSize": true,
      "depth": 1,
      "height": 661,
      "layer": "",
      "name": "Invis_Block",
      "persistentUuid": "4815bab0-0207-4c2c-a0fe-9e52ec0a30c3",
      "width": 64,
      "x": -455,
      "y": 482,
      "zOrder": 21,
      "numberProperties": [],
      "stringProperties": [],
      "initialVariables": []
    },
    {
      "angle": 0,
      "customSize": true,
      "depth": 1,
      "height": 100,
      "layer": "",
      "name": "Grass",
      "persistentUuid": "613396b3-68b4-4079-8f74-4a0255e35090",
      "width": 5239,
      "x": -430,
      "y": 1115,
      "zOrder": 22,
      "numberProperties": [],
      "stringProperties": [],
      "initialVariables": []
    },
    {
      "angle": 50,
      "customSize": true,
      "depth": 1,
      "height": 100,
      "layer": "",
      "name": "Grass",
      "persistentUuid": "bd9f8788-7b55-4d2b-bbd4-c4ea4616e22f",
      "width": 386,
      "x": 1641,
      "y": 1025,
      "zOrder": 23,
      "numberProperties": [],
      "stringProperties": [],
      "initialVariables": []
    },
    {
      "angle": -50,
      "customSize": true,
      "depth": 1,
      "height": 100,
      "layer": "",
      "name": "Grass",
      "persistentUuid": "7cfacd96-1247-46d5-b08d-47f5f15b75b1",
      "width": 633,
      "x": 1236,
      "y": 1151,
      "zOrder": 24,
      "numberProperties": [],
      "stringProperties": [],
      "initialVariables": []
    },
    {
      "angle": 0,
      "customSize": true,
      "depth": 1,
      "height": 769,
      "layer": "",
      "name": "dirt",
      "persistentUuid": "f0c791b8-0a69-4608-9940-570d7642a355",
      "width": 5317,
      "x": -430,
      "y": 1190,
      "zOrder": 25,
      "numberProperties": [],
      "stringProperties": [],
      "initialVariables": []
    },
    {
      "angle": 0,
      "customSize": true,
      "depth": 1,
      "height": 175,
      "layer": "",
      "name": "dirt",
      "persistentUuid": "fcffb7a0-9206-4999-8afd-1b0a25b9d474",
      "width": 207,
      "x": 1651,
      "y": 1040,
      "zOrder": 26,
      "numberProperties": [],
      "stringProperties": [],
      "initialVariables": []
    }
  ],
  "objects": [],
  "objectsFolderStructure": {
    "folderName": "__ROOT"
  },
  "events": [
    {
      "type": "BuiltinCommonInstructions::Standard",
      "conditions": [
        {
          "type": {
            "value": "DepartScene"
          },
          "parameters": [
            ""
          ]
        }
      ],
      "actions": [
        {
          "type": {
            "value": "Cache"
          },
          "parameters": [
            "pickup"
          ]
        },
        {
          "type": {
            "value": "Cache"
          },
          "parameters": [
            "Rifle"
          ]
        },
        {
          "type": {
            "value": "Cache"
          },
          "parameters": [
            "Shotgun"
          ]
        },
        {
          "type": {
            "value": "Cache"
          },
          "parameters": [
            "Other_pickup"
          ]
        },
        {
          "type": {
            "value": "ModVarGlobal"
          },
          "parameters": [
            "Medkit_Count",
            "=",
            "0"
          ]
        }
      ]
    },
    {
      "colorB": 228,
      "colorG": 176,
      "colorR": 74,
      "creationTime": 0,
      "name": "Camera",
      "source": "",
      "type": "BuiltinCommonInstructions::Group",
      "events": [
        {
          "type": "BuiltinCommonInstructions::Standard",
          "conditions": [],
          "actions": [
            {
              "type": {
                "value": "CentreCamera"
              },
              "parameters": [
                "",
                "Human",
                "",
                "",
                ""
              ]
            }
          ]
        }
      ],
      "parameters": []
    },
    {
      "type": "BuiltinCommonInstructions::Standard",
      "conditions": [
        {
          "type": {
            "value": "DepartScene"
          },
          "parameters": [
            ""
          ]
        }
      ],
      "actions": [
        {
          "type": {
            "value": "Cache"
          },
          "parameters": [
            "invis_slope_Right"
          ]
        },
        {
          "type": {
            "value": "Cache"
          },
          "parameters": [
            "invis_slope_left"
          ]
        },
        {
          "type": {
            "value": "Cache"
          },
          "parameters": [
            "Invis_Block"
          ]
        }
      ]
    },
    {
      "colorB": 228,
      "colorG": 176,
      "colorR": 74,
      "creationTime": 0,
      "name": "Health",
      "source": "",
      "type": "BuiltinCommonInstructions::Group",
      "events": [
        {
          "type": "BuiltinCommonInstructions::Standard",
          "conditions": [],
          "actions": [
            {
              "type": {
                "value": "TextObject::String"
              },
              "parameters": [
                "Count",
                "=",
                "\"\" + ToString(GlobalVariable(Medkit_Count))"
              ]
            }
          ]
        },
        {
          "type": "BuiltinCommonInstructions::Standard",
          "conditions": [],
          "actions": [
            {
              "type": {
                "value": "PanelSpriteContinuousBar::PanelSpriteContinuousBar::SetValue"
              },
              "parameters": [
                "MetalRedBar",
                "=",
                "GlobalVariable(Health)",
                ""
              ]
            }
          ]
        },
        {
          "type": "BuiltinCommonInstructions::Standard",
          "conditions": [
            {
              "type": {
                "inverted": true,
                "value": "CollisionNP"
              },
              "parameters": [
                "Human",
                "Medkit",
                "",
                "",
                ""
              ]
            }
          ],
          "actions": [
            {
              "type": {
                "value": "Cache"
              },
              "parameters": [
                "Other_pickup"
              ]
            }
          ]
        },
        {
          "type": "BuiltinCommonInstructions::Standard",
          "conditions": [
            {
              "type": {
                "value": "CollisionNP"
              },
              "parameters": [
                "Human",
                "Medkit",
                "",
                "",
                ""
              ]
            }
          ],
          "actions": [
            {
              "type": {
                "value": "Montre"
              },
              "parameters": [
                "Other_pickup",
                ""
              ]
            }
          ],
          "events": [
            {
              "type": "BuiltinCommonInstructions::Standard",
              "conditions": [
                {
                  "type": {
                    "value": "CollisionNP"
                  },
                  "parameters": [
                    "Human",
                    "Medkit",
                    "",
                    "",
                    ""
                  ]
                },
                {
                  "type": {
                    "value": "KeyPressed"
                  },
                  "parameters": [
                    "",
                    "e"
                  ]
                }
              ],
              "actions": [
                {
                  "type": {
                    "value": "Delete"
                  },
                  "parameters": [
                    "Medkit",
                    ""
                  ]
                },
                {
                  "type": {
                    "value": "Delete"
                  },
                  "parameters": [
                    "Other_pickup",
                    ""
                  ]
                },
                {
                  "type": {
                    "value": "ModVarGlobal"
                  },
                  "parameters": [
                    "Medkit_Count",
                    "+",
                    "1"
                  ]
                }
              ]
            }
          ]
        },
        {
          "type": "BuiltinCommonInstructions::Standard",
          "conditions": [
            {
              "type": {
                "value": "KeyPressed"
              },
              "parameters": [
                "",
                "t"
              ]
            },
            {
              "type": {
                "value": "VarGlobal"
              },
              "parameters": [
                "Medkit_Count",
                ">",
                "0"
              ]
            }
          ],
          "actions": [
            {
              "type": {
                "value": "ModVarGlobal"
              },
              "parameters": [
                "Medkit_Count",
                "-",
                "1"
              ]
            },
            {
              "type": {
                "value": "ModVarGlobal"
              },
              "parameters": [
                "Health",
                "+",
                "5"
              ]
            },
            {
              "type": {
                "value": "PanelSpriteContinuousBar::PanelSpriteContinuousBar::SetValue"
              },
              "parameters": [
                "MetalRedBar",
                "+",
                "5",
                ""
              ]
            }
          ]
        }
      ],
      "parameters": []
    },
    {
      "type": "BuiltinCommonInstructions::Standard",
      "conditions": [],
      "actions": []
    },
    {
      "colorB": 228,
      "colorG": 176,
      "colorR": 74,
      "creationTime": 0,
      "name": "Weapons",
      "source": "",
      "type": "BuiltinCommonInstructions::Group",
      "events": [
        {
          "type": "BuiltinCommonInstructions::Standard",
          "conditions": [
            {
              "type": {
                "value": "CollisionNP"
              },
              "parameters": [
                "Human",
                "Rifle",
                "",
                "",
                ""
              ]
            }
          ],
          "actions": [
            {
              "type": {
                "value": "Montre"
              },
              "parameters": [
                "pickup",
                ""
              ]
            }
          ]
        },
        {
          "type": "BuiltinCommonInstructions::Standard",
          "conditions": [
            {
              "type": {
                "inverted": true,
                "value": "CollisionNP"
              },
              "parameters": [
                "Human",
                "Rifle",
                "",
                "",
                ""
              ]
            }
          ],
          "actions": [
            {
              "type": {
                "value": "Cache"
              },
              "parameters": [
                "pickup"
              ]
            }
          ]
        },
        {
          "type": "BuiltinCommonInstructions::Standard",
          "conditions": [
            {
              "type": {
                "value": "CollisionNP"
              },
              "parameters": [
                "Human",
                "Rifle",
                "",
                "",
                ""
              ]
            },
            {
              "type": {
                "value": "KeyPressed"
              },
              "parameters": [
                "",
                "e"
              ]
            }
          ],
          "actions": [
            {
              "type": {
                "value": "ModVarGlobal"
              },
              "parameters": [
                "Pickup",
                "=",
                "1"
              ]
            }
          ]
        },
        {
          "type": "BuiltinCommonInstructions::Standard",
          "conditions": [
            {
              "type": {
                "value": "IsMouseWheelScrollingDown"
              },
              "parameters": [
                ""
              ]
            }
          ],
          "actions": [
            {
              "type": {
                "value": "SetGlobalVariableAsBoolean"
              },
              "parameters": [
                "Weapon",
                "False"
              ]
            }
          ]
        },
        {
          "type": "BuiltinCommonInstructions::Standard",
          "conditions": [
            {
              "type": {
                "value": "IsMouseWheelScrollingUp"
              },
              "parameters": [
                ""
              ]
            }
          ],
          "actions": [
            {
              "type": {
                "value": "SetGlobalVariableAsBoolean"
              },
              "parameters": [
                "Weapon",
                "True"
              ]
            }
          ]
        },
        {
          "type": "BuiltinCommonInstructions::Standard",
          "conditions": [
            {
              "type": {
                "value": "VarGlobal"
              },
              "parameters": [
                "Pickup",
                "=",
                "1"
              ]
            }
          ],
          "actions": [
            {
              "type": {
                "value": "MettreXY"
              },
              "parameters": [
                "Rifle",
                "=",
                "Human.PointX(\"Gun\")",
                "=",
                "Human.PointY(\"Gun\")"
              ]
            },
            {
              "type": {
                "value": "RotateTowardPosition"
              },
              "parameters": [
                "Rifle",
                "MouseX()",
                "MouseY()",
                "0",
                ""
              ]
            },
            {
              "type": {
                "value": "Montre"
              },
              "parameters": [
                "Rifle",
                ""
              ]
            },
            {
              "type": {
                "value": "Delete"
              },
              "parameters": [
                "pickup",
                ""
              ]
            }
          ],
          "events": [
            {
              "type": "BuiltinCommonInstructions::Standard",
              "conditions": [
                {
                  "type": {
                    "value": "GlobalVariableAsBoolean"
                  },
                  "parameters": [
                    "Weapon",
                    "True"
                  ]
                }
              ],
              "actions": [
                {
                  "type": {
                    "value": "Cache"
                  },
                  "parameters": [
                    "Rifle"
                  ]
                },
                {
                  "type": {
                    "value": "Montre"
                  },
                  "parameters": [
                    "Shotgun",
                    ""
                  ]
                },
                {
                  "type": {
                    "value": "MettreXY"
                  },
                  "parameters": [
                    "Shotgun",
                    "=",
                    "Human.PointX(\"Gun\")",
                    "=",
                    "Human.PointY(\"Gun\")"
                  ]
                },
                {
                  "type": {
                    "value": "RotateTowardPosition"
                  },
                  "parameters": [
                    "Shotgun",
                    "MouseX()",
                    "MouseY()",
                    "0",
                    ""
                  ]
                }
              ],
              "events": [
                {
                  "type": "BuiltinCommonInstructions::Standard",
                  "conditions": [
                    {
                      "type": {
                        "value": "MouseButtonPressed"
                      },
                      "parameters": [
                        "",
                        "Left"
                      ]
                    }
                  ],
                  "actions": [
                    {
                      "type": {
                        "value": "FireBullet::FireBullet::FireTowardPosition"
                      },
                      "parameters": [
                        "Shotgun",
                        "FireBullet",
                        "Shotgun.X(\"Bullet\")",
                        "Shotgun.Y(\"Bullet\")",
                        "Bullet",
                        "CursorX()",
                        "CursorY()",
                        "300",
                        ""
                      ]
                    }
                  ]
                }
              ]
            },
            {
              "type": "BuiltinCommonInstructions::Standard",
              "conditions": [
                {
                  "type": {
                    "value": "GlobalVariableAsBoolean"
                  },
                  "parameters": [
                    "Weapon",
                    "="
                  ]
                }
              ],
              "actions": [
                {
                  "type": {
                    "value": "Cache"
                  },
                  "parameters": [
                    "Shotgun"
                  ]
                },
                {
                  "type": {
                    "value": "Montre"
                  },
                  "parameters": [
                    "Rifle",
                    ""
                  ]
                },
                {
                  "type": {
                    "value": "MettreXY"
                  },
                  "parameters": [
                    "Rifle",
                    "=",
                    "Human.PointX(\"Gun\")",
                    "=",
                    "Human.PointY(\"Gun\")"
                  ]
                },
                {
                  "type": {
                    "value": "RotateTowardPosition"
                  },
                  "parameters": [
                    "Rifle",
                    "MouseX()",
                    "MouseY()",
                    "0",
                    ""
                  ]
                }
              ],
              "events": [
                {
                  "type": "BuiltinCommonInstructions::Standard",
                  "conditions": [
                    {
                      "type": {
                        "value": "MouseButtonPressed"
                      },
                      "parameters": [
                        "",
                        "Left"
                      ]
                    }
                  ],
                  "actions": [
                    {
                      "type": {
                        "value": "FireBullet::FireBullet::FireTowardPosition"
                      },
                      "parameters": [
                        "Rifle",
                        "FireBullet",
                        "Rifle.X(\"Bullet\")",
                        "Rifle.Y(\"Bullet\")",
                        "Bullet",
                        "CursorX()",
                        "CursorY()",
                        "500",
                        ""
                      ]
                    }
                  ]
                }
              ]
            }
          ]
        }
      ],
      "parameters": []
    },
    {
      "colorB": 228,
      "colorG": 176,
      "colorR": 74,
      "creationTime": 0,
      "name": "Collision",
      "source": "",
      "type": "BuiltinCommonInstructions::Group",
      "events": [
        {
          "type": "BuiltinCommonInstructions::Standard",
          "conditions": [
            {
              "type": {
                "value": "CollisionNP"
              },
              "parameters": [
                "Human",
                "Finish",
                "",
                "",
                ""
              ]
            }
          ],
          "actions": [
            {
              "type": {
                "value": "Scene"
              },
              "parameters": [
                "",
                "\"Loading Screen\"",
                ""
              ]
            },
            {
              "type": {
                "value": "ModVarGlobal"
              },
              "parameters": [
                "Loading_Screen",
                "+",
                "1"
              ]
            }
          ]
        }
      ],
      "parameters": []
    }
  ],
  "layers": [
    {
      "ambientLightColorB": 200,
      "ambientLightColorG": 200,
      "ambientLightColorR": 200,
      "camera3DFarPlaneDistance": 10000,
      "camera3DFieldOfView": 45,
      "camera3DNearPlaneDistance": 0.1,
      "followBaseLayerCamera": false,
      "isLightingLayer": false,
      "isLocked": false,
      "name": "",
      "renderingType": "",
      "visibility": true,
      "cameras": [
        {
          "defaultSize": true,
          "defaultViewport": true,
          "height": 0,
          "viewportBottom": 1,
          "viewportLeft": 0,
          "viewportRight": 1,
          "viewportTop": 0,
          "width": 0
        }
      ],
      "effects": [
        {
          "effectType": "Scene3D::HemisphereLight",
          "name": "3D Light",
          "doubleParameters": {
            "elevation": 45,
            "intensity": 1,
            "rotation": 0
          },
          "stringParameters": {
            "groundColor": "64;64;64",
            "skyColor": "255;255;255",
            "top": "Y-"
          },
          "booleanParameters": {}
        }
      ]
    },
    {
      "ambientLightColorB": 200,
      "ambientLightColorG": 200,
      "ambientLightColorR": 200,
      "camera3DFarPlaneDistance": 10000,
      "camera3DFieldOfView": 45,
      "camera3DNearPlaneDistance": 0.1,
      "followBaseLayerCamera": false,
      "isLightingLayer": false,
      "isLocked": true,
      "name": "Health",
      "renderingType": "",
      "visibility": true,
      "cameras": [],
      "effects": []
    }
  ],
  "behaviorsSharedData": [
    {
      "name": "Animation",
      "type": "AnimatableCapability::AnimatableBehavior"
    },
    {
      "name": "Effect",
      "type": "EffectCapability::EffectBehavior"
    },
    {
      "name": "FireBullet",
      "type": "FireBullet::FireBullet"
    },
    {
      "name": "Flippable",
      "type": "FlippableCapability::FlippableBehavior"
    },
    {
      "name": "Health",
      "type": "Health::Health"
    },
    {
      "name": "Opacity",
      "type": "OpacityCapability::OpacityBehavior"
    },
    {
      "name": "PathfindingObstacle",
      "type": "PathfindingBehavior::PathfindingObstacleBehavior"
    },
    {
      "name": "Platform",
      "type": "PlatformBehavior::PlatformBehavior"
    },
    {
      "name": "PlatformerObject",
      "type": "PlatformBehavior::PlatformerObjectBehavior"
    },
    {
      "name": "RemapForPlatformer",
      "type": "BehaviorRemapper::RemapForPlatformer"
    },
    {
      "name": "Resizable",
      "type": "ResizableCapability::ResizableBehavior"
    },
    {
      "name": "Scale",
      "type": "ScalableCapability::ScalableBehavior"
    },
    {
      "name": "Text",
      "type": "TextContainerCapability::TextContainerBehavior"
    },
    {
      "name": "ThreeDFlip",
      "type": "ThreeDFlip::ThreeDFlip"
    }
  ]
}