{
  "b": 211,
  "disableInputWhenNotFocused": true,
  "mangledName": "Scene_322_45a",
  "name": "Scene 2-a",
  "r": 170,
  "standardSortMethod": true,
  "stopSoundsOnStartup": true,
  "title": "",
  "v": 223,
  "uiSettings": {
    "grid": false,
    "gridType": "rectangular",
    "gridWidth": 32,
    "gridHeight": 32,
    "gridOffsetX": 0,
    "gridOffsetY": 0,
    "gridColor": 10401023,
    "gridAlpha": 0.8,
    "snap": false,
    "zoomFactor": 0.3481876239642275,
    "windowMask": false
  },
  "objectsGroups": [],
  "variables": [
    {
      "folded": true,
      "name": "foot_Ammount",
      "type": "number",
      "value": 0
    }
  ],
  "instances": [
    {
      "angle": 0,
      "customSize": true,
      "depth": 1,
      "height": 992,
      "layer": "",
      "name": "Invis_Block",
      "persistentUuid": "3719b758-bbb1-4109-8416-2ca03b64ddc5",
      "width": 64,
      "x": 0,
      "y": 0,
      "zOrder": 1,
      "numberProperties": [],
      "stringProperties": [],
      "initialVariables": []
    },
    {
      "angle": 0,
      "customSize": true,
      "depth": 1,
      "height": 32,
      "layer": "",
      "name": "Invis_Block",
      "persistentUuid": "5b32f1e9-a31e-43af-b1c7-00e5361a5323",
      "width": 288,
      "x": 576,
      "y": 960,
      "zOrder": 3,
      "numberProperties": [],
      "stringProperties": [],
      "initialVariables": []
    },
    {
      "angle": 0,
      "customSize": true,
      "depth": 1,
      "height": 32,
      "layer": "",
      "name": "Invis_Block",
      "persistentUuid": "5efd8c4e-e658-4fb8-8cfb-8b11932ed28e",
      "width": 672,
      "x": 2272,
      "y": 960,
      "zOrder": 7,
      "numberProperties": [],
      "stringProperties": [],
      "initialVariables": []
    },
    {
      "angle": 0,
      "customSize": true,
      "depth": 1,
      "height": 32,
      "layer": "",
      "name": "Invis_Block",
      "persistentUuid": "dda57de4-3dd6-45c7-a716-9ce0aab242af",
      "width": 672,
      "x": 5536,
      "y": 960,
      "zOrder": 7,
      "numberProperties": [],
      "stringProperties": [],
      "initialVariables": []
    },
    {
      "angle": 0,
      "customSize": true,
      "depth": 1,
      "height": 32,
      "layer": "",
      "name": "invis_slope_Right",
      "persistentUuid": "a085f619-5b75-4829-9020-73ad0ae334d4",
      "width": 512,
      "x": 64,
      "y": 960,
      "zOrder": 9,
      "numberProperties": [],
      "stringProperties": [],
      "initialVariables": []
    },
    {
      "angle": 0,
      "customSize": true,
      "depth": 1,
      "height": 32,
      "layer": "",
      "name": "invis_slope_left",
      "persistentUuid": "ddb196ce-7dee-432d-a702-f9f34dab8ab5",
      "width": 448,
      "x": 864,
      "y": 960,
      "zOrder": 10,
      "numberProperties": [],
      "stringProperties": [],
      "initialVariables": []
    },
    {
      "angle": 0,
      "customSize": true,
      "depth": 1,
      "height": 32,
      "layer": "",
      "name": "invis_slope_left",
      "persistentUuid": "d71f3ce7-8a0b-4b47-8c41-53ee69df0907",
      "width": 288,
      "x": 1312,
      "y": 992,
      "zOrder": 11,
      "numberProperties": [],
      "stringProperties": [],
      "initialVariables": []
    },
    {
      "angle": 0,
      "customSize": true,
      "depth": 1,
      "height": 64,
      "layer": "",
      "name": "invis_slope_Right",
      "persistentUuid": "3e0165eb-e96f-44d1-ac44-264fcc84885a",
      "width": 672,
      "x": 1600,
      "y": 960,
      "zOrder": 12,
      "numberProperties": [],
      "stringProperties": [],
      "initialVariables": []
    },
    {
      "angle": 0,
      "customSize": true,
      "depth": 1,
      "height": 64,
      "layer": "",
      "name": "invis_slope_left",
      "persistentUuid": "39735774-e9e9-484c-810c-f4dc07ca0dbe",
      "width": 768,
      "x": 2944,
      "y": 960,
      "zOrder": 13,
      "numberProperties": [],
      "stringProperties": [],
      "initialVariables": []
    },
    {
      "angle": 0,
      "customSize": true,
      "depth": 1,
      "height": 32,
      "layer": "",
      "name": "invis_slope_Right",
      "persistentUuid": "243c9db2-f700-4ee6-94ab-04a903e11715",
      "width": 128,
      "x": 3680,
      "y": 992,
      "zOrder": 14,
      "numberProperties": [],
      "stringProperties": [],
      "initialVariables": []
    },
    {
      "angle": 0,
      "customSize": true,
      "depth": 1,
      "height": 32,
      "layer": "",
      "name": "invis_slope_left",
      "persistentUuid": "89588299-b9b6-4a1f-8dc9-fc70b21a5d6e",
      "width": 192,
      "x": 4480,
      "y": 992,
      "zOrder": 15,
      "numberProperties": [],
      "stringProperties": [],
      "initialVariables": []
    },
    {
      "angle": 0,
      "customSize": true,
      "depth": 1,
      "height": 32,
      "layer": "",
      "name": "invis_slope_Right",
      "persistentUuid": "c4b71aae-f106-4b0e-96e8-9da7af84dcbc",
      "width": 448,
      "x": 4448,
      "y": 992,
      "zOrder": 16,
      "numberProperties": [],
      "stringProperties": [],
      "initialVariables": []
    },
    {
      "angle": 0,
      "customSize": true,
      "depth": 1,
      "height": 32,
      "layer": "",
      "name": "invis_slope_Right",
      "persistentUuid": "e57f1437-df4b-4573-85aa-4b4775357c9b",
      "width": 640,
      "x": 4896,
      "y": 960,
      "zOrder": 17,
      "numberProperties": [],
      "stringProperties": [],
      "initialVariables": []
    },
    {
      "angle": 0,
      "customSize": true,
      "depth": 1,
      "height": 64,
      "layer": "",
      "name": "invis_slope_left",
      "persistentUuid": "d8f79fcb-07cf-4383-adb9-2390af4ab7f5",
      "width": 960,
      "x": 6208,
      "y": 960,
      "zOrder": 18,
      "numberProperties": [],
      "stringProperties": [],
      "initialVariables": []
    },
    {
      "angle": 0,
      "customSize": true,
      "depth": 1,
      "height": 544,
      "layer": "",
      "name": "invis_slope_left",
      "persistentUuid": "3cccda02-59a5-45c1-97ff-16cacb4abb50",
      "width": 1280,
      "x": 7168,
      "y": 1024,
      "zOrder": 18,
      "numberProperties": [],
      "stringProperties": [],
      "initialVariables": []
    },
    {
      "angle": 0,
      "customSize": true,
      "depth": 0,
      "height": 512,
      "layer": "",
      "name": "invis_slope_left",
      "persistentUuid": "1fa54ec8-a241-4e45-8ad7-686f62d6bdf8",
      "width": 800,
      "x": 8448,
      "y": 1568,
      "zOrder": 20,
      "numberProperties": [],
      "stringProperties": [],
      "initialVariables": []
    },
    {
      "angle": 0,
      "customSize": true,
      "depth": 0,
      "height": 480,
      "layer": "",
      "name": "invis_slope_left",
      "persistentUuid": "01936615-ac75-4184-8b29-d95b59c3f5d0",
      "width": 2944,
      "x": 9248,
      "y": 2080,
      "zOrder": 22,
      "numberProperties": [],
      "stringProperties": [],
      "initialVariables": []
    },
    {
      "angle": 0,
      "customSize": true,
      "depth": 0,
      "height": 96,
      "layer": "",
      "name": "invis_slope_Right",
      "persistentUuid": "e10bb1b0-835d-4ab8-b205-ef2b739b7999",
      "width": 1792,
      "x": 12192,
      "y": 2464,
      "zOrder": 23,
      "numberProperties": [],
      "stringProperties": [],
      "initialVariables": []
    },
    {
      "angle": 0,
      "customSize": true,
      "depth": 0,
      "height": 96,
      "layer": "",
      "name": "invis_slope_left",
      "persistentUuid": "9c8137a0-a94c-4b16-a19e-38b4bda64acd",
      "width": 608,
      "x": 13984,
      "y": 2464,
      "zOrder": 24,
      "numberProperties": [],
      "stringProperties": [],
      "initialVariables": []
    },
    {
      "angle": 0,
      "customSize": true,
      "depth": 0,
      "height": 64,
      "layer": "",
      "name": "invis_slope_Right",
      "persistentUuid": "a3ae8e42-715c-44b1-ae17-124ae9216b66",
      "width": 1440,
      "x": 13568,
      "y": 2496,
      "zOrder": 25,
      "numberProperties": [],
      "stringProperties": [],
      "initialVariables": []
    },
    {
      "angle": 0,
      "customSize": true,
      "depth": 0,
      "height": 64,
      "layer": "",
      "name": "invis_slope_left",
      "persistentUuid": "f7a9a146-0484-40c5-a09a-d27edf71ebcf",
      "width": 480,
      "x": 15008,
      "y": 2496,
      "zOrder": 26,
      "numberProperties": [],
      "stringProperties": [],
      "initialVariables": []
    },
    {
      "angle": 0,
      "customSize": true,
      "depth": 0,
      "height": 160,
      "layer": "",
      "name": "NewText",
      "persistentUuid": "951a4f76-a34d-4da3-8151-39c9905403f5",
      "width": 959,
      "x": 15648,
      "y": 2208,
      "zOrder": 27,
      "numberProperties": [],
      "stringProperties": [],
      "initialVariables": []
    },
    {
      "angle": 0,
      "customSize": true,
      "depth": 0,
      "height": 1664,
      "layer": "",
      "name": "Invis_Block",
      "persistentUuid": "a03d4b1a-9501-4d20-b150-bf2cd1cdd504",
      "width": 64,
      "x": 16608,
      "y": 928,
      "zOrder": 28,
      "numberProperties": [],
      "stringProperties": [],
      "initialVariables": []
    },
    {
      "angle": 0,
      "customSize": true,
      "depth": 0,
      "height": 32,
      "layer": "",
      "name": "Invis_Block",
      "persistentUuid": "13f5c818-65d9-4cc6-880e-69d6ee700358",
      "width": 1120,
      "x": 15488,
      "y": 2560,
      "zOrder": 30,
      "numberProperties": [],
      "stringProperties": [],
      "initialVariables": []
    },
    {
      "angle": 0,
      "customSize": true,
      "depth": 0,
      "height": 32,
      "layer": "",
      "name": "Invis_Block",
      "persistentUuid": "431dc51c-c95e-4250-9586-fc18a50758b7",
      "width": 672,
      "x": 3808,
      "y": 992,
      "zOrder": 31,
      "numberProperties": [],
      "stringProperties": [],
      "initialVariables": []
    },
    {
      "angle": 357,
      "customSize": true,
      "depth": 1,
      "height": 40,
      "layer": "",
      "name": "Dino_Eggs",
      "persistentUuid": "a4450995-de27-4b9e-901a-a3c219fb10be",
      "width": 42,
      "x": 13807,
      "y": 2438,
      "zOrder": 81,
      "numberProperties": [],
      "stringProperties": [],
      "initialVariables": []
    },
    {
      "angle": 356,
      "customSize": true,
      "depth": 1,
      "height": 53,
      "layer": "",
      "name": "Dino_Eggs",
      "persistentUuid": "046236e0-cb22-425f-ab3e-9a1b843607ee",
      "width": 57,
      "x": 13877,
      "y": 2425,
      "zOrder": 81,
      "numberProperties": [],
      "stringProperties": [],
      "initialVariables": []
    },
    {
      "angle": 0,
      "customSize": true,
      "depth": 0,
      "height": 64,
      "layer": "",
      "name": "Interact_Egg",
      "persistentUuid": "c474725a-ca54-499f-be6a-dc2d1e338b7d",
      "width": 448,
      "x": 13705,
      "y": 2301,
      "zOrder": 35,
      "numberProperties": [],
      "stringProperties": [],
      "initialVariables": []
    },
    {
      "angle": 0,
      "customSize": true,
      "depth": 0,
      "height": 3424,
      "layer": "",
      "name": "Info",
      "persistentUuid": "88902c77-e779-4412-9d5e-32d918df84ff",
      "width": 6304,
      "x": -896,
      "y": 1664,
      "zOrder": 36,
      "numberProperties": [],
      "stringProperties": [],
      "initialVariables": []
    },
    {
      "angle": 0,
      "customSize": true,
      "depth": 0,
      "height": 224,
      "layer": "",
      "name": "Dino_Egg_Info_title",
      "persistentUuid": "9f7abc2c-a32f-4ea7-b1ed-5ea571f47136",
      "width": 1088,
      "x": 928,
      "y": 2688,
      "zOrder": 37,
      "numberProperties": [],
      "stringProperties": [],
      "initialVariables": []
    },
    {
      "angle": 0,
      "customSize": true,
      "depth": 0,
      "height": 288,
      "layer": "",
      "name": "Dino_Egg_Info_Text",
      "persistentUuid": "9216afc9-6356-4192-8050-6a4640695549",
      "width": 1408,
      "x": 768,
      "y": 2976,
      "zOrder": 38,
      "numberProperties": [],
      "stringProperties": [],
      "initialVariables": []
    },
    {
      "angle": 0,
      "customSize": true,
      "depth": 1,
      "height": 737,
      "layer": "",
      "name": "Raptor_Egg",
      "persistentUuid": "3a498445-86a7-416c-92cc-42c3fe705b78",
      "width": 791,
      "x": 2641,
      "y": 2655,
      "zOrder": 39,
      "numberProperties": [],
      "stringProperties": [],
      "initialVariables": []
    },
    {
      "angle": 0,
      "customSize": true,
      "depth": 0,
      "height": 608,
      "layer": "",
      "name": "Raptor_Info",
      "persistentUuid": "fe822d86-eb92-47ee-90c1-c7e5c25b6837",
      "width": 1464,
      "x": 2312,
      "y": 3456,
      "zOrder": 40,
      "numberProperties": [],
      "stringProperties": [],
      "initialVariables": []
    },
    {
      "angle": 0,
      "customSize": true,
      "depth": 0,
      "height": 94,
      "layer": "",
      "name": "Human",
      "persistentUuid": "e58b2c71-1c56-487f-9ecd-7f5f9827366b",
      "width": 96,
      "x": 277,
      "y": 770,
      "zOrder": 32,
      "numberProperties": [],
      "stringProperties": [],
      "initialVariables": []
    },
    {
      "angle": 0,
      "customSize": false,
      "height": 0,
      "layer": "",
      "name": "footstep",
      "persistentUuid": "08c249b3-9628-4d32-839e-7eaa59d6c6fa",
      "width": 0,
      "x": 1565,
      "y": 982,
      "zOrder": 78,
      "numberProperties": [],
      "stringProperties": [],
      "initialVariables": []
    },
    {
      "angle": 0,
      "customSize": false,
      "height": 0,
      "layer": "",
      "name": "footstep",
      "persistentUuid": "6e4b6244-876b-49f4-93d0-5ca1d29164ce",
      "width": 0,
      "x": 2781,
      "y": 918,
      "zOrder": 78,
      "numberProperties": [],
      "stringProperties": [],
      "initialVariables": []
    },
    {
      "angle": 0,
      "customSize": false,
      "height": 0,
      "layer": "",
      "name": "footstep",
      "persistentUuid": "b361ed78-9b57-45f0-840a-9be52e8ba152",
      "width": 0,
      "x": 4561,
      "y": 1013,
      "zOrder": 78,
      "numberProperties": [],
      "stringProperties": [],
      "initialVariables": []
    },
    {
      "angle": 39,
      "customSize": false,
      "height": 0,
      "layer": "",
      "name": "footstep",
      "persistentUuid": "851abeb6-2237-44ef-b0aa-d9878b466609",
      "width": 0,
      "x": 5949,
      "y": 918,
      "zOrder": 78,
      "numberProperties": [],
      "stringProperties": [],
      "initialVariables": []
    },
    {
      "angle": 0,
      "customSize": false,
      "height": 0,
      "layer": "",
      "name": "footstep",
      "persistentUuid": "869ead05-32f8-4bf2-bdf4-aeeb9e646915",
      "width": 0,
      "x": 6877,
      "y": 1019,
      "zOrder": 78,
      "numberProperties": [],
      "stringProperties": [],
      "initialVariables": []
    },
    {
      "angle": 0,
      "customSize": false,
      "height": 0,
      "layer": "",
      "name": "footstep",
      "persistentUuid": "c7a9fbe5-78a8-4d61-80f4-3a8f31ccfbdf",
      "width": 0,
      "x": 9341,
      "y": 2070,
      "zOrder": 78,
      "numberProperties": [],
      "stringProperties": [],
      "initialVariables": []
    },
    {
      "angle": 0,
      "customSize": false,
      "height": 0,
      "layer": "",
      "name": "footstep",
      "persistentUuid": "b393bcac-fb0a-4760-a235-81f7fecd117b",
      "width": 0,
      "x": 10301,
      "y": 2230,
      "zOrder": 78,
      "numberProperties": [],
      "stringProperties": [],
      "initialVariables": []
    },
    {
      "angle": 0,
      "customSize": false,
      "height": 0,
      "layer": "",
      "name": "footstep",
      "persistentUuid": "51585b1c-00ba-4ea6-8e44-4b5b984a42a2",
      "width": 0,
      "x": 11389,
      "y": 2422,
      "zOrder": 78,
      "numberProperties": [],
      "stringProperties": [],
      "initialVariables": []
    },
    {
      "angle": 0,
      "customSize": true,
      "depth": 1,
      "height": 86,
      "layer": "",
      "name": "footstep",
      "persistentUuid": "e1ccfd88-28cc-4135-b100-2c46408e190f",
      "width": 62,
      "x": 12412,
      "y": 2515,
      "zOrder": 78,
      "numberProperties": [],
      "stringProperties": [],
      "initialVariables": []
    },
    {
      "angle": 0,
      "customSize": false,
      "height": 0,
      "layer": "",
      "name": "footstep",
      "persistentUuid": "4fcff30d-1176-4af9-b261-858fa4f2c648",
      "width": 0,
      "x": 13341,
      "y": 2464,
      "zOrder": 78,
      "numberProperties": [],
      "stringProperties": [],
      "initialVariables": []
    },
    {
      "angle": 0,
      "customSize": true,
      "depth": 0,
      "height": 288,
      "layer": "",
      "name": "Dino_Foot_Text",
      "persistentUuid": "e105a5d5-c5bc-445c-9332-b404fdebbcf9",
      "width": 512,
      "x": 12224,
      "y": 2304,
      "zOrder": 51,
      "numberProperties": [],
      "stringProperties": [],
      "initialVariables": []
    },
    {
      "angle": 0,
      "customSize": true,
      "depth": 0,
      "height": 256,
      "layer": "",
      "name": "Dino_Foot_Text",
      "persistentUuid": "0ff19458-85d3-4f24-a736-30ef51713ee0",
      "width": 507,
      "x": 11173,
      "y": 2240,
      "zOrder": 51,
      "numberProperties": [],
      "stringProperties": [],
      "initialVariables": []
    },
    {
      "angle": 0,
      "customSize": true,
      "depth": 0,
      "height": 224,
      "layer": "",
      "name": "Dino_Foot_Text",
      "persistentUuid": "b146e8c0-8b82-4668-bdb1-cf285e89fe7f",
      "width": 507,
      "x": 10085,
      "y": 2048,
      "zOrder": 51,
      "numberProperties": [],
      "stringProperties": [],
      "initialVariables": []
    },
    {
      "angle": 0,
      "customSize": true,
      "depth": 0,
      "height": 224,
      "layer": "",
      "name": "Dino_Foot_Text",
      "persistentUuid": "e732110d-fcb4-457e-9072-90843f19ade6",
      "width": 507,
      "x": 9125,
      "y": 1888,
      "zOrder": 51,
      "numberProperties": [],
      "stringProperties": [],
      "initialVariables": []
    },
    {
      "angle": 0,
      "customSize": true,
      "depth": 0,
      "height": 224,
      "layer": "",
      "name": "Dino_Foot_Text",
      "persistentUuid": "3a6e60ad-5f11-420f-959d-4414ded7116f",
      "width": 507,
      "x": 6661,
      "y": 832,
      "zOrder": 51,
      "numberProperties": [],
      "stringProperties": [],
      "initialVariables": []
    },
    {
      "angle": 0,
      "customSize": true,
      "depth": 0,
      "height": 192,
      "layer": "",
      "name": "Dino_Foot_Text",
      "persistentUuid": "7339ad6a-8f00-41f6-93af-e93c440ac51b",
      "width": 507,
      "x": 5765,
      "y": 768,
      "zOrder": 51,
      "numberProperties": [],
      "stringProperties": [],
      "initialVariables": []
    },
    {
      "angle": 0,
      "customSize": true,
      "depth": 0,
      "height": 256,
      "layer": "",
      "name": "Dino_Foot_Text",
      "persistentUuid": "ccb829ff-6b9c-448c-b15e-fc2dc49230d5",
      "width": 507,
      "x": 4364,
      "y": 863,
      "zOrder": 51,
      "numberProperties": [],
      "stringProperties": [],
      "initialVariables": []
    },
    {
      "angle": 0,
      "customSize": true,
      "depth": 0,
      "height": 229,
      "layer": "",
      "name": "Dino_Foot_Text",
      "persistentUuid": "a8f27e5e-12d0-41ff-9a3b-b02901839585",
      "width": 507,
      "x": 2565,
      "y": 731,
      "zOrder": 51,
      "numberProperties": [],
      "stringProperties": [],
      "initialVariables": []
    },
    {
      "angle": 0,
      "customSize": true,
      "depth": 0,
      "height": 224,
      "layer": "",
      "name": "Dino_Foot_Text",
      "persistentUuid": "a00727d1-6827-4c8a-a7be-dca0fa37557b",
      "width": 507,
      "x": 1349,
      "y": 800,
      "zOrder": 51,
      "numberProperties": [],
      "stringProperties": [],
      "initialVariables": []
    },
    {
      "angle": 0,
      "customSize": true,
      "depth": 0,
      "height": 256,
      "layer": "",
      "name": "Dino_Foot_Text",
      "persistentUuid": "2c4a8cd4-b298-4fc8-bc3e-f3b3be7e724f",
      "width": 507,
      "x": 13125,
      "y": 2272,
      "zOrder": 51,
      "numberProperties": [],
      "stringProperties": [],
      "initialVariables": []
    },
    {
      "angle": 0,
      "customSize": true,
      "depth": 0,
      "height": 1984,
      "layer": "",
      "name": "Finish",
      "persistentUuid": "5ea8d07c-04f8-467b-b72a-6cdc66990783",
      "width": 64,
      "x": 15264,
      "y": 1152,
      "zOrder": 52,
      "numberProperties": [],
      "stringProperties": [],
      "initialVariables": []
    },
    {
      "angle": 0,
      "customSize": true,
      "depth": 0,
      "height": 128,
      "layer": "Health",
      "name": "humannnn",
      "persistentUuid": "a855bd86-9754-4703-8139-f1f515728df5",
      "width": 128,
      "x": 32,
      "y": 32,
      "zOrder": 53,
      "numberProperties": [],
      "stringProperties": [],
      "initialVariables": []
    },
    {
      "angle": 0,
      "customSize": true,
      "depth": 32,
      "height": 32,
      "layer": "Health",
      "name": "MetalRedBar",
      "persistentUuid": "f7c503c1-0a18-4ea2-9a2c-2a7df0c88088",
      "width": 256,
      "x": 160,
      "y": 32,
      "zOrder": 54,
      "numberProperties": [],
      "stringProperties": [],
      "initialVariables": []
    },
    {
      "angle": -3,
      "customSize": true,
      "depth": 1,
      "height": 144,
      "layer": "",
      "name": "Grass",
      "persistentUuid": "9d8f61ad-4fc3-4656-ae45-908f6cc75c4f",
      "width": 739,
      "x": -160,
      "y": 973,
      "zOrder": 55,
      "numberProperties": [],
      "stringProperties": [],
      "initialVariables": []
    },
    {
      "angle": 0,
      "customSize": true,
      "depth": 1,
      "height": 100,
      "layer": "",
      "name": "Grass",
      "persistentUuid": "2e6dfa3c-6a44-4ba2-a66d-da4f44df8dec",
      "width": 352,
      "x": 544,
      "y": 960,
      "zOrder": 56,
      "numberProperties": [],
      "stringProperties": [],
      "initialVariables": []
    },
    {
      "angle": 4,
      "customSize": true,
      "depth": 1,
      "height": 100,
      "layer": "",
      "name": "Grass",
      "persistentUuid": "8a214898-7cf8-486c-b465-e2ee9a86c8f4",
      "width": 448,
      "x": 867,
      "y": 976,
      "zOrder": 57,
      "numberProperties": [],
      "stringProperties": [],
      "initialVariables": []
    },
    {
      "angle": 5,
      "customSize": true,
      "depth": 1,
      "height": 100,
      "layer": "",
      "name": "Grass",
      "persistentUuid": "6d07784f-5fa3-472e-9255-e336101cc0e1",
      "width": 448,
      "x": 1310,
      "y": 1012,
      "zOrder": 57,
      "numberProperties": [],
      "stringProperties": [],
      "initialVariables": []
    },
    {
      "angle": -5,
      "customSize": true,
      "depth": 1,
      "height": 100,
      "layer": "",
      "name": "Grass",
      "persistentUuid": "f09a6d3a-f647-4135-827a-2d3b88942297",
      "width": 676,
      "x": 1593,
      "y": 989,
      "zOrder": 58,
      "numberProperties": [],
      "stringProperties": [],
      "initialVariables": []
    },
    {
      "angle": 0,
      "customSize": true,
      "depth": 1,
      "height": 100,
      "layer": "",
      "name": "Grass",
      "persistentUuid": "41df30b0-7cd8-470e-bf41-6718925517e5",
      "width": 704,
      "x": 2240,
      "y": 960,
      "zOrder": 59,
      "numberProperties": [],
      "stringProperties": [],
      "initialVariables": []
    },
    {
      "angle": 4,
      "customSize": true,
      "depth": 1,
      "height": 100,
      "layer": "",
      "name": "Grass",
      "persistentUuid": "be38e401-5c8e-470a-8926-f6c8ce71ab60",
      "width": 772,
      "x": 2937,
      "y": 987,
      "zOrder": 60,
      "numberProperties": [],
      "stringProperties": [],
      "initialVariables": []
    },
    {
      "angle": -14,
      "customSize": true,
      "depth": 1,
      "height": 100,
      "layer": "",
      "name": "Grass",
      "persistentUuid": "9f84db40-e301-4b2a-9a26-45c11be70994",
      "width": 140,
      "x": 3690,
      "y": 1005,
      "zOrder": 61,
      "numberProperties": [],
      "stringProperties": [],
      "initialVariables": []
    },
    {
      "angle": 0,
      "customSize": true,
      "depth": 1,
      "height": 100,
      "layer": "",
      "name": "Grass",
      "persistentUuid": "18e888a7-ba56-470c-85b3-c274d9e05382",
      "width": 672,
      "x": 3808,
      "y": 992,
      "zOrder": 62,
      "numberProperties": [],
      "stringProperties": [],
      "initialVariables": []
    },
    {
      "angle": -4,
      "customSize": true,
      "depth": 1,
      "height": 110,
      "layer": "",
      "name": "Grass",
      "persistentUuid": "94fb209b-144a-4694-9f41-0abdd6a3d887",
      "width": 342,
      "x": 4615,
      "y": 998,
      "zOrder": 61,
      "numberProperties": [],
      "stringProperties": [],
      "initialVariables": []
    },
    {
      "angle": 9,
      "customSize": true,
      "depth": 1,
      "height": 100,
      "layer": "",
      "name": "Grass",
      "persistentUuid": "c79666cc-bba5-4bfe-b75e-303fbd6f4307",
      "width": 139,
      "x": 4462,
      "y": 1002,
      "zOrder": 63,
      "numberProperties": [],
      "stringProperties": [],
      "initialVariables": []
    },
    {
      "angle": -2,
      "customSize": true,
      "depth": 1,
      "height": 100,
      "layer": "",
      "name": "Grass",
      "persistentUuid": "9d0893be-0dff-4bdb-812b-4a29bab0e8ab",
      "width": 608,
      "x": 4926,
      "y": 971,
      "zOrder": 64,
      "numberProperties": [],
      "stringProperties": [],
      "initialVariables": []
    },
    {
      "angle": 0,
      "customSize": true,
      "depth": 1,
      "height": 100,
      "layer": "",
      "name": "Grass",
      "persistentUuid": "32268de4-2f47-403a-bc08-34c54d78c233",
      "width": 704,
      "x": 5504,
      "y": 960,
      "zOrder": 65,
      "numberProperties": [],
      "stringProperties": [],
      "initialVariables": []
    },
    {
      "angle": 3.7,
      "customSize": true,
      "depth": 1,
      "height": 102,
      "layer": "",
      "name": "Grass",
      "persistentUuid": "fc949667-2fed-450e-8042-0defedb3eb2b",
      "width": 1010,
      "x": 6178,
      "y": 992,
      "zOrder": 66,
      "numberProperties": [],
      "stringProperties": [],
      "initialVariables": []
    },
    {
      "angle": 23,
      "customSize": true,
      "depth": 0,
      "height": 100,
      "layer": "",
      "name": "Grass",
      "persistentUuid": "0a8d70d1-e380-413c-9085-deee0290abce",
      "width": 1390.804084,
      "x": 7111,
      "y": 1290,
      "zOrder": 67,
      "numberProperties": [],
      "stringProperties": [],
      "initialVariables": []
    },
    {
      "angle": 33,
      "customSize": true,
      "depth": 0,
      "height": 100,
      "layer": "",
      "name": "Grass",
      "persistentUuid": "572e15c6-1130-4a46-846e-dd523a0f8030",
      "width": 949.8126131,
      "x": 8352,
      "y": 1810,
      "zOrder": 68,
      "numberProperties": [],
      "stringProperties": [],
      "initialVariables": []
    },
    {
      "angle": 9.2,
      "customSize": true,
      "depth": 0,
      "height": 100,
      "layer": "",
      "name": "Grass",
      "persistentUuid": "3ad35052-f95d-4e6e-8117-518b3a2bcfd8",
      "width": 2982.873782,
      "x": 9221,
      "y": 2310,
      "zOrder": 69,
      "numberProperties": [],
      "stringProperties": [],
      "initialVariables": []
    },
    {
      "angle": 357,
      "customSize": true,
      "depth": 0,
      "height": 100,
      "layer": "",
      "name": "Grass",
      "persistentUuid": "9395cdda-f023-4df3-9bdb-89f007c84131",
      "width": 1794.569586,
      "x": 12195,
      "y": 2506,
      "zOrder": 76,
      "numberProperties": [],
      "stringProperties": [],
      "initialVariables": []
    },
    {
      "angle": 9,
      "customSize": true,
      "depth": 0,
      "height": 100,
      "layer": "",
      "name": "Grass",
      "persistentUuid": "605505a8-ff41-401f-8987-b33e614acd81",
      "width": 615.53229,
      "x": 13973,
      "y": 2510,
      "zOrder": 75,
      "numberProperties": [],
      "stringProperties": [],
      "initialVariables": []
    },
    {
      "angle": 358,
      "customSize": true,
      "depth": 0,
      "height": 100,
      "layer": "",
      "name": "Grass",
      "persistentUuid": "edb98132-aabe-40f9-8959-018e1b5ad294",
      "width": 1441.421521,
      "x": 13574,
      "y": 2520,
      "zOrder": 72,
      "numberProperties": [],
      "stringProperties": [],
      "initialVariables": []
    },
    {
      "angle": 8,
      "customSize": true,
      "depth": 0,
      "height": 100,
      "layer": "",
      "name": "Grass",
      "persistentUuid": "35772627-0aae-4bf6-9f1a-c357841f25b8",
      "width": 484.2479704,
      "x": 14995,
      "y": 2526,
      "zOrder": 73,
      "numberProperties": [],
      "stringProperties": [],
      "initialVariables": []
    },
    {
      "angle": 0,
      "customSize": true,
      "depth": 1,
      "height": 100,
      "layer": "",
      "name": "Grass",
      "persistentUuid": "f6760453-25c4-40f6-b634-781394aa380a",
      "width": 1193,
      "x": 15454,
      "y": 2559,
      "zOrder": 74,
      "numberProperties": [],
      "stringProperties": [],
      "initialVariables": []
    },
    {
      "angle": 0,
      "customSize": true,
      "depth": 1,
      "height": 566,
      "layer": "",
      "name": "dirt",
      "persistentUuid": "4bd10dbb-4cec-4e70-96d2-229c6edaec76",
      "width": 1312,
      "x": -193,
      "y": 1038,
      "zOrder": 77,
      "numberProperties": [],
      "stringProperties": [],
      "initialVariables": []
    },
    {
      "angle": 0,
      "customSize": true,
      "depth": 1,
      "height": 566,
      "layer": "",
      "name": "dirt",
      "persistentUuid": "c34b52dc-485f-4658-b179-85978c34430f",
      "width": 1109,
      "x": 1093,
      "y": 1078,
      "zOrder": 77,
      "numberProperties": [],
      "stringProperties": [],
      "initialVariables": []
    },
    {
      "angle": 0,
      "customSize": true,
      "depth": 1,
      "height": 566,
      "layer": "",
      "name": "dirt",
      "persistentUuid": "5cefb2ff-0f6a-4d10-bd6e-5c8b2c304fa7",
      "width": 1109,
      "x": 2007,
      "y": 1049,
      "zOrder": 77,
      "numberProperties": [],
      "stringProperties": [],
      "initialVariables": []
    },
    {
      "angle": 0,
      "customSize": true,
      "depth": 1,
      "height": 566,
      "layer": "",
      "name": "dirt",
      "persistentUuid": "a64f16ec-bd9d-470e-8d9b-11dd2d3f1c5a",
      "width": 1109,
      "x": 3055,
      "y": 1066,
      "zOrder": 77,
      "numberProperties": [],
      "stringProperties": [],
      "initialVariables": []
    },
    {
      "angle": 0,
      "customSize": true,
      "depth": 1,
      "height": 566,
      "layer": "",
      "name": "dirt",
      "persistentUuid": "124e63c1-9fef-435e-8017-4cccd6afa5d6",
      "width": 3120,
      "x": 4050,
      "y": 1080,
      "zOrder": 77,
      "numberProperties": [],
      "stringProperties": [],
      "initialVariables": []
    },
    {
      "angle": 0,
      "customSize": true,
      "depth": 1,
      "height": 566,
      "layer": "",
      "name": "dirt",
      "persistentUuid": "65dcf462-c6b1-4126-9c21-6d2f302f49f7",
      "width": 1466,
      "x": 5003,
      "y": 1049,
      "zOrder": 77,
      "numberProperties": [],
      "stringProperties": [],
      "initialVariables": []
    },
    {
      "angle": 24,
      "customSize": true,
      "depth": 1,
      "height": 445,
      "layer": "",
      "name": "dirt",
      "persistentUuid": "395f5c7c-ea99-4502-a740-3b4ad4a75d9d",
      "width": 1692,
      "x": 6971,
      "y": 1402,
      "zOrder": 77,
      "numberProperties": [],
      "stringProperties": [],
      "initialVariables": []
    },
    {
      "angle": 31,
      "customSize": true,
      "depth": 1,
      "height": 445,
      "layer": "",
      "name": "dirt",
      "persistentUuid": "cfb09c87-3ae3-483c-b119-190b5102c7e6",
      "width": 1692,
      "x": 8311,
      "y": 2147,
      "zOrder": 77,
      "numberProperties": [],
      "stringProperties": [],
      "initialVariables": []
    },
    {
      "angle": 8,
      "customSize": true,
      "depth": 1,
      "height": 445,
      "layer": "",
      "name": "dirt",
      "persistentUuid": "695ec447-31cf-4fb6-8295-3d7c4a2c059a",
      "width": 1692,
      "x": 9214,
      "y": 2278,
      "zOrder": 77,
      "numberProperties": [],
      "stringProperties": [],
      "initialVariables": []
    },
    {
      "angle": 24,
      "customSize": false,
      "height": 0,
      "layer": "",
      "name": "Grass",
      "persistentUuid": "f0604fb4-0c96-4e57-a945-41d5a2b61704",
      "width": 0,
      "x": 9177,
      "y": 2063,
      "zOrder": 79,
      "numberProperties": [],
      "stringProperties": [],
      "initialVariables": []
    },
    {
      "angle": 0,
      "customSize": false,
      "height": 0,
      "layer": "",
      "name": "Grass",
      "persistentUuid": "d69ee1b4-fe72-4af6-93a1-b6b42e21842d",
      "width": 0,
      "x": 12146,
      "y": 2552,
      "zOrder": 80,
      "numberProperties": [],
      "stringProperties": [],
      "initialVariables": []
    },
    {
      "angle": 8,
      "customSize": true,
      "depth": 1,
      "height": 445,
      "layer": "",
      "name": "dirt",
      "persistentUuid": "5b537c67-e7ff-4f98-8569-3f266f9746c3",
      "width": 1692,
      "x": 10736,
      "y": 2533,
      "zOrder": 77,
      "numberProperties": [],
      "stringProperties": [],
      "initialVariables": []
    },
    {
      "angle": 356,
      "customSize": true,
      "depth": 1,
      "height": 445,
      "layer": "",
      "name": "dirt",
      "persistentUuid": "901f411e-39c5-40b8-8434-7f4a10e66c0f",
      "width": 1692,
      "x": 12059,
      "y": 2586,
      "zOrder": 77,
      "numberProperties": [],
      "stringProperties": [],
      "initialVariables": []
    },
    {
      "angle": 3,
      "customSize": true,
      "depth": 1,
      "height": 445,
      "layer": "",
      "name": "dirt",
      "persistentUuid": "ced8aa3e-5daf-4a75-b12f-43890694215b",
      "width": 1692,
      "x": 13558,
      "y": 2580,
      "zOrder": 77,
      "numberProperties": [],
      "stringProperties": [],
      "initialVariables": []
    },
    {
      "angle": 359,
      "customSize": true,
      "depth": 1,
      "height": 445,
      "layer": "",
      "name": "dirt",
      "persistentUuid": "20510603-e4d2-4e3d-8b83-70a843d8ab22",
      "width": 1692,
      "x": 14970,
      "y": 2641,
      "zOrder": 77,
      "numberProperties": [],
      "stringProperties": [],
      "initialVariables": []
    },
    {
      "angle": 8,
      "customSize": true,
      "depth": 1,
      "height": 445,
      "layer": "",
      "name": "dirt",
      "persistentUuid": "f002bfc0-3619-4c1b-82f6-ae688e5c2348",
      "width": 1692,
      "x": 14761,
      "y": 2673,
      "zOrder": 77,
      "numberProperties": [],
      "stringProperties": [],
      "initialVariables": []
    },
    {
      "angle": 0,
      "customSize": true,
      "depth": 1,
      "height": 990,
      "layer": "",
      "name": "tre3e",
      "persistentUuid": "36a98ae4-9e16-475a-a5a7-42f103e379ab",
      "width": 812,
      "x": 77,
      "y": -22,
      "zOrder": 3,
      "numberProperties": [],
      "stringProperties": [],
      "initialVariables": []
    },
    {
      "angle": 0,
      "customSize": true,
      "depth": 1,
      "height": 1083,
      "layer": "",
      "name": "tre3e",
      "persistentUuid": "25fda72f-8031-4ff3-be8e-6bdc1859c536",
      "width": 572,
      "x": 1140,
      "y": -39,
      "zOrder": 3,
      "numberProperties": [],
      "stringProperties": [],
      "initialVariables": []
    },
    {
      "angle": 0,
      "customSize": true,
      "depth": 1,
      "height": 1064,
      "layer": "",
      "name": "tre3e",
      "persistentUuid": "9dfe241e-5858-4200-b438-a00b72d23029",
      "width": 1249,
      "x": 1770,
      "y": -21,
      "zOrder": 3,
      "numberProperties": [],
      "stringProperties": [],
      "initialVariables": []
    },
    {
      "angle": 0,
      "customSize": true,
      "depth": 1,
      "height": 1206,
      "layer": "",
      "name": "tre3e",
      "persistentUuid": "33f22a83-cfe2-4c30-b01a-440a775a5e24",
      "width": 1292,
      "x": 2499,
      "y": -109,
      "zOrder": 3,
      "numberProperties": [],
      "stringProperties": [],
      "initialVariables": []
    }
  ],
  "objects": [
    {
      "assetStoreId": "",
      "bold": true,
      "italic": false,
      "name": "NewText",
      "smoothed": true,
      "type": "TextObject::Text",
      "underlined": false,
      "variables": [],
      "effects": [],
      "behaviors": [],
      "string": "Lake / Pond ↓",
      "font": "",
      "textAlignment": "left",
      "characterSize": 150,
      "color": {
        "b": 0,
        "g": 0,
        "r": 0
      }
    },
    {
      "adaptCollisionMaskAutomatically": true,
      "assetStoreId": "",
      "name": "Dino_Eggs",
      "type": "Sprite",
      "updateIfNotVisible": false,
      "variables": [],
      "effects": [],
      "behaviors": [],
      "animations": [
        {
          "name": "Temp_Egg",
          "useMultipleDirections": false,
          "directions": [
            {
              "looping": false,
              "metadata": "{\"pskl\":{}}",
              "timeBetweenFrames": 0.08,
              "sprites": [
                {
                  "hasCustomCollisionMask": true,
                  "image": "assets\\DinoNest.png",
                  "points": [],
                  "originPoint": {
                    "name": "origine",
                    "x": 0,
                    "y": 0
                  },
                  "centerPoint": {
                    "automatic": true,
                    "name": "centre",
                    "x": 0,
                    "y": 0
                  },
                  "customCollisionMask": [
                    [
                      {
                        "x": 2,
                        "y": 30
                      },
                      {
                        "x": 200,
                        "y": 30
                      },
                      {
                        "x": 200,
                        "y": 165
                      },
                      {
                        "x": 2,
                        "y": 165
                      }
                    ]
                  ]
                }
              ]
            }
          ]
        }
      ]
    },
    {
      "assetStoreId": "",
      "bold": true,
      "italic": false,
      "name": "Interact_Egg",
      "smoothed": true,
      "type": "TextObject::Text",
      "underlined": false,
      "variables": [],
      "effects": [],
      "behaviors": [],
      "string": "Hold E to Interact",
      "font": "",
      "textAlignment": "left",
      "characterSize": 50,
      "color": {
        "b": 0,
        "g": 0,
        "r": 0
      }
    },
    {
      "adaptCollisionMaskAutomatically": true,
      "assetStoreId": "",
      "name": "Info",
      "type": "Sprite",
      "updateIfNotVisible": false,
      "variables": [],
      "effects": [],
      "behaviors": [],
      "animations": [
        {
          "name": "assets\\Dino_outline",
          "useMultipleDirections": false,
          "directions": [
            {
              "looping": false,
              "metadata": "{\"pskl\":{}}",
              "timeBetweenFrames": 0.08,
              "sprites": [
                {
                  "hasCustomCollisionMask": true,
                  "image": "assets\\assets_Dino_outline.png",
                  "points": [],
                  "originPoint": {
                    "name": "origine",
                    "x": 0,
                    "y": 0
                  },
                  "centerPoint": {
                    "automatic": true,
                    "name": "centre",
                    "x": 0,
                    "y": 0
                  },
                  "customCollisionMask": [
                    [
                      {
                        "x": 238,
                        "y": 137
                      },
                      {
                        "x": 841,
                        "y": 137
                      },
                      {
                        "x": 841,
                        "y": 471
                      },
                      {
                        "x": 238,
                        "y": 471
                      }
                    ]
                  ]
                }
              ]
            }
          ]
        }
      ]
    },
    {
      "assetStoreId": "",
      "bold": true,
      "italic": false,
      "name": "Dino_Egg_Info_title",
      "smoothed": true,
      "type": "TextObject::Text",
      "underlined": false,
      "variables": [],
      "effects": [],
      "behaviors": [],
      "string": "Utahraptor ",
      "font": "",
      "textAlignment": "center",
      "characterSize": 180,
      "color": {
        "b": 0,
        "g": 0,
        "r": 0
      }
    },
    {
      "assetStoreId": "",
      "bold": true,
      "italic": false,
      "name": "Dino_Egg_Info_Text",
      "smoothed": true,
      "type": "TextObject::Text",
      "underlined": false,
      "variables": [],
      "effects": [],
      "behaviors": [],
      "string": "Distinctive Features :\nLonger rather than wider, Eggshell White coloring, cluster of roughly 4-6 eggs, stable arranging pattern",
      "font": "",
      "textAlignment": "left",
      "characterSize": 60,
      "color": {
        "b": 0,
        "g": 0,
        "r": 0
      }
    },
    {
      "adaptCollisionMaskAutomatically": true,
      "assetStoreId": "",
      "name": "Raptor_Egg",
      "type": "Sprite",
      "updateIfNotVisible": false,
      "variables": [],
      "effects": [],
      "behaviors": [],
      "animations": [
        {
          "name": "",
          "useMultipleDirections": false,
          "directions": [
            {
              "looping": false,
              "timeBetweenFrames": 0.08,
              "sprites": [
                {
                  "hasCustomCollisionMask": true,
                  "image": "assets\\DinoNest.png",
                  "points": [],
                  "originPoint": {
                    "name": "origine",
                    "x": 0,
                    "y": 0
                  },
                  "centerPoint": {
                    "automatic": true,
                    "name": "centre",
                    "x": 0,
                    "y": 0
                  },
                  "customCollisionMask": [
                    [
                      {
                        "x": 2,
                        "y": 30
                      },
                      {
                        "x": 200,
                        "y": 30
                      },
                      {
                        "x": 200,
                        "y": 165
                      },
                      {
                        "x": 2,
                        "y": 165
                      }
                    ]
                  ]
                }
              ]
            }
          ]
        }
      ]
    },
    {
      "assetStoreId": "",
      "bold": true,
      "italic": false,
      "name": "Raptor_Info",
      "smoothed": true,
      "type": "TextObject::Text",
      "underlined": false,
      "variables": [],
      "effects": [],
      "behaviors": [],
      "string": "Utahraptor ostrommaysorum :\nOne of the geologically oldest and largest known dromaeosaurids. Large sickle claw roughly 9.5 inches long. Being roughly 20 feet long and around 5 feet tall at the hip. ",
      "font": "",
      "textAlignment": "center",
      "characterSize": 60,
      "color": {
        "b": 0,
        "g": 0,
        "r": 0
      }
    },
    {
      "adaptCollisionMaskAutomatically": true,
      "assetStoreId": "",
      "name": "NewSprite",
      "type": "Sprite",
      "updateIfNotVisible": false,
      "variables": [],
      "effects": [],
      "behaviors": [],
      "animations": []
    },
    {
      "adaptCollisionMaskAutomatically": true,
      "assetStoreId": "",
      "name": "footstep",
      "type": "Sprite",
      "updateIfNotVisible": false,
      "variables": [],
      "effects": [],
      "behaviors": [],
      "animations": [
        {
          "name": "footstep_temp",
          "useMultipleDirections": false,
          "directions": [
            {
              "looping": false,
              "metadata": "{\"pskl\":{}}",
              "timeBetweenFrames": 0.08,
              "sprites": [
                {
                  "hasCustomCollisionMask": true,
                  "image": "assets\\GrassyDirt.png",
                  "points": [],
                  "originPoint": {
                    "name": "origine",
                    "x": 0,
                    "y": 0
                  },
                  "centerPoint": {
                    "automatic": true,
                    "name": "centre",
                    "x": 0,
                    "y": 0
                  },
                  "customCollisionMask": [
                    [
                      {
                        "x": 0,
                        "y": 0
                      },
                      {
                        "x": 100,
                        "y": 0
                      },
                      {
                        "x": 100,
                        "y": 100
                      },
                      {
                        "x": 0,
                        "y": 100
                      }
                    ]
                  ]
                }
              ]
            }
          ]
        }
      ]
    },
    {
      "assetStoreId": "",
      "bold": true,
      "italic": false,
      "name": "Dino_Foot_Text",
      "smoothed": true,
      "type": "TextObject::Text",
      "underlined": false,
      "variables": [],
      "effects": [],
      "behaviors": [],
      "string": "Press F to Collect",
      "font": "",
      "textAlignment": "left",
      "characterSize": 60,
      "color": {
        "b": 255,
        "g": 255,
        "r": 255
      }
    },
    {
      "assetStoreId": "",
      "height": 400,
      "name": "bg",
      "texture": "assets\\Scene1Beach.png",
      "type": "TiledSpriteObject::TiledSprite",
      "width": 400,
      "variables": [],
      "effects": [],
      "behaviors": []
    },
    {
      "adaptCollisionMaskAutomatically": true,
      "assetStoreId": "",
      "name": "tre3e",
      "type": "Sprite",
      "updateIfNotVisible": false,
      "variables": [],
      "effects": [],
      "behaviors": [],
      "animations": [
        {
          "name": "",
          "useMultipleDirections": false,
          "directions": [
            {
              "looping": false,
              "timeBetweenFrames": 0.08,
              "sprites": [
                {
                  "hasCustomCollisionMask": true,
                  "image": "assets\\Tree.png",
                  "points": [],
                  "originPoint": {
                    "name": "origine",
                    "x": 0,
                    "y": 0
                  },
                  "centerPoint": {
                    "automatic": true,
                    "name": "centre",
                    "x": 0,
                    "y": 0
                  },
                  "customCollisionMask": [
                    [
                      {
                        "x": 0,
                        "y": 0
                      },
                      {
                        "x": 343,
                        "y": 0
                      },
                      {
                        "x": 343,
                        "y": 350
                      },
                      {
                        "x": 0,
                        "y": 350
                      }
                    ]
                  ]
                }
              ]
            }
          ]
        }
      ]
    }
  ],
  "objectsFolderStructure": {
    "folderName": "__ROOT",
    "children": [
      {
        "objectName": "NewText"
      },
      {
        "objectName": "Dino_Eggs"
      },
      {
        "objectName": "Interact_Egg"
      },
      {
        "objectName": "Info"
      },
      {
        "objectName": "Dino_Egg_Info_title"
      },
      {
        "objectName": "Dino_Egg_Info_Text"
      },
      {
        "objectName": "Raptor_Egg"
      },
      {
        "objectName": "Raptor_Info"
      },
      {
        "objectName": "NewSprite"
      },
      {
        "objectName": "footstep"
      },
      {
        "objectName": "Dino_Foot_Text"
      },
      {
        "objectName": "bg"
      },
      {
        "objectName": "tre3e"
      }
    ]
  },
  "events": [
    {
      "type": "BuiltinCommonInstructions::Standard",
      "conditions": [
        {
          "type": {
            "inverted": true,
            "value": "KeyPressed"
          },
          "parameters": [
            "",
            "e"
          ]
        }
      ],
      "actions": [
        {
          "type": {
            "value": "SetCameraCenterX"
          },
          "parameters": [
            "",
            "=",
            "lerp(CameraX(), Human.X(), 0.1)",
            "",
            ""
          ]
        },
        {
          "type": {
            "value": "SetCameraCenterY"
          },
          "parameters": [
            "",
            "=",
            "lerp(CameraY(), Human.Y(), 0.1)",
            "",
            ""
          ]
        }
      ]
    },
    {
      "type": "BuiltinCommonInstructions::Standard",
      "conditions": [
        {
          "type": {
            "value": "CollisionNP"
          },
          "parameters": [
            "Human",
            "Finish",
            "",
            "",
            ""
          ]
        }
      ],
      "actions": [
        {
          "type": {
            "value": "ModVarGlobal"
          },
          "parameters": [
            "Loading_Screen",
            "+",
            "1"
          ]
        },
        {
          "type": {
            "value": "Scene"
          },
          "parameters": [
            "",
            "\"Loading Screen\"",
            ""
          ]
        }
      ]
    },
    {
      "type": "BuiltinCommonInstructions::Standard",
      "conditions": [],
      "actions": [
        {
          "type": {
            "value": "Cache"
          },
          "parameters": [
            "Finish"
          ]
        }
      ]
    },
    {
      "type": "BuiltinCommonInstructions::Standard",
      "conditions": [
        {
          "type": {
            "value": "DepartScene"
          },
          "parameters": [
            ""
          ]
        },
        {
          "type": {
            "value": "BuiltinCommonInstructions::Once"
          },
          "parameters": []
        }
      ],
      "actions": [
        {
          "type": {
            "value": "PlayMusic"
          },
          "parameters": [
            "",
            "assets\\lake scene.mp3",
            "yes",
            "90",
            "1"
          ]
        }
      ]
    },
    {
      "type": "BuiltinCommonInstructions::Standard",
      "conditions": [
        {
          "type": {
            "value": "DepartScene"
          },
          "parameters": [
            ""
          ]
        }
      ],
      "actions": [
        {
          "type": {
            "value": "Cache"
          },
          "parameters": [
            "invis_slope_Right"
          ]
        },
        {
          "type": {
            "value": "Cache"
          },
          "parameters": [
            "invis_slope_left"
          ]
        },
        {
          "type": {
            "value": "Cache"
          },
          "parameters": [
            "Invis_Block"
          ]
        }
      ]
    },
    {
      "type": "BuiltinCommonInstructions::Standard",
      "conditions": [
        {
          "type": {
            "value": "CollisionNP"
          },
          "parameters": [
            "Human",
            "NewText",
            "",
            "",
            ""
          ]
        },
        {
          "type": {
            "value": "BuiltinCommonInstructions::Once"
          },
          "parameters": []
        }
      ],
      "actions": [
        {
          "type": {
            "value": "Scene"
          },
          "parameters": [
            "",
            "\"Scene 2-c\"",
            ""
          ]
        }
      ]
    },
    {
      "colorB": 228,
      "colorG": 176,
      "colorR": 74,
      "creationTime": 0,
      "folded": true,
      "name": "Eggs",
      "source": "",
      "type": "BuiltinCommonInstructions::Group",
      "events": [
        {
          "type": "BuiltinCommonInstructions::Standard",
          "conditions": [
            {
              "type": {
                "value": "CollisionNP"
              },
              "parameters": [
                "Human",
                "Interact_Egg",
                "",
                "",
                ""
              ]
            },
            {
              "type": {
                "value": "KeyPressed"
              },
              "parameters": [
                "",
                "e"
              ]
            },
            {
              "type": {
                "value": "BuiltinCommonInstructions::Once"
              },
              "parameters": []
            }
          ],
          "actions": [
            {
              "type": {
                "value": "CentreCamera"
              },
              "parameters": [
                "",
                "Info",
                "",
                "",
                ""
              ]
            },
            {
              "type": {
                "value": "ZoomCamera"
              },
              "parameters": [
                "",
                "0.5",
                "",
                ""
              ]
            },
            {
              "type": {
                "value": "Wait"
              },
              "parameters": [
                "5"
              ]
            }
          ]
        },
        {
          "type": "BuiltinCommonInstructions::Standard",
          "conditions": [
            {
              "type": {
                "value": "Distance"
              },
              "parameters": [
                "Human",
                "Dino_Eggs",
                "500",
                ""
              ]
            }
          ],
          "actions": [
            {
              "type": {
                "value": "Montre"
              },
              "parameters": [
                "Interact_Egg",
                ""
              ]
            }
          ]
        },
        {
          "type": "BuiltinCommonInstructions::Standard",
          "conditions": [
            {
              "type": {
                "inverted": true,
                "value": "Distance"
              },
              "parameters": [
                "Human",
                "Dino_Eggs",
                "500",
                ""
              ]
            }
          ],
          "actions": [
            {
              "type": {
                "value": "Cache"
              },
              "parameters": [
                "Interact_Egg"
              ]
            }
          ]
        }
      ],
      "parameters": []
    },
    {
      "colorB": 228,
      "colorG": 176,
      "colorR": 74,
      "creationTime": 0,
      "folded": true,
      "name": "Health",
      "source": "",
      "type": "BuiltinCommonInstructions::Group",
      "events": [
        {
          "type": "BuiltinCommonInstructions::Standard",
          "conditions": [],
          "actions": [
            {
              "type": {
                "value": "PanelSpriteContinuousBar::PanelSpriteContinuousBar::SetValue"
              },
              "parameters": [
                "MetalRedBar",
                "=",
                "GlobalVariable(Health)",
                ""
              ]
            }
          ]
        },
        {
          "type": "BuiltinCommonInstructions::Standard",
          "conditions": [
            {
              "type": {
                "value": "CollisionNP"
              },
              "parameters": [
                "Human",
                "star",
                "",
                "",
                ""
              ]
            }
          ],
          "actions": [
            {
              "type": {
                "value": "ModVarGlobal"
              },
              "parameters": [
                "Health",
                "-",
                "1"
              ]
            }
          ]
        }
      ],
      "parameters": []
    },
    {
      "colorB": 228,
      "colorG": 176,
      "colorR": 74,
      "creationTime": 0,
      "name": "Foot",
      "source": "",
      "type": "BuiltinCommonInstructions::Group",
      "events": [
        {
          "type": "BuiltinCommonInstructions::Standard",
          "conditions": [
            {
              "type": {
                "value": "CollisionNP"
              },
              "parameters": [
                "Human",
                "Dino_Foot_Text",
                "",
                "",
                ""
              ]
            },
            {
              "type": {
                "value": "KeyPressed"
              },
              "parameters": [
                "",
                "f"
              ]
            },
            {
              "type": {
                "value": "BuiltinCommonInstructions::Once"
              },
              "parameters": []
            }
          ],
          "actions": [
            {
              "type": {
                "value": "Delete"
              },
              "parameters": [
                "Dino_Foot_Text",
                ""
              ]
            }
          ]
        },
        {
          "type": "BuiltinCommonInstructions::Standard",
          "conditions": [
            {
              "type": {
                "value": "CollisionNP"
              },
              "parameters": [
                "Human",
                "footstep",
                "",
                "",
                ""
              ]
            },
            {
              "type": {
                "value": "KeyPressed"
              },
              "parameters": [
                "",
                "f"
              ]
            },
            {
              "type": {
                "value": "BuiltinCommonInstructions::Once"
              },
              "parameters": []
            }
          ],
          "actions": [
            {
              "type": {
                "value": "Delete"
              },
              "parameters": [
                "footstep",
                ""
              ]
            },
            {
              "type": {
                "value": "ModVarScene"
              },
              "parameters": [
                "foot_Ammount",
                "+",
                "1"
              ]
            }
          ]
        },
        {
          "type": "BuiltinCommonInstructions::Standard",
          "conditions": [
            {
              "type": {
                "value": "Distance"
              },
              "parameters": [
                "Human",
                "footstep",
                "500",
                ""
              ]
            }
          ],
          "actions": [
            {
              "type": {
                "value": "Montre"
              },
              "parameters": [
                "Dino_Foot_Text",
                ""
              ]
            }
          ]
        },
        {
          "type": "BuiltinCommonInstructions::Standard",
          "conditions": [
            {
              "type": {
                "inverted": true,
                "value": "Distance"
              },
              "parameters": [
                "Human",
                "footstep",
                "500",
                ""
              ]
            }
          ],
          "actions": [
            {
              "type": {
                "value": "Cache"
              },
              "parameters": [
                "Dino_Foot_Text"
              ]
            }
          ]
        }
      ],
      "parameters": []
    },
    {
      "type": "BuiltinCommonInstructions::Standard",
      "conditions": [
        {
          "type": {
            "value": "VarScene"
          },
          "parameters": [
            "foot_Ammount",
            "=",
            "10"
          ]
        }
      ],
      "actions": []
    }
  ],
  "layers": [
    {
      "ambientLightColorB": 200,
      "ambientLightColorG": 200,
      "ambientLightColorR": 200,
      "camera3DFarPlaneDistance": 10000,
      "camera3DFieldOfView": 45,
      "camera3DNearPlaneDistance": 0.1,
      "followBaseLayerCamera": false,
      "isLightingLayer": false,
      "isLocked": false,
      "name": "",
      "renderingType": "",
      "visibility": true,
      "cameras": [
        {
          "defaultSize": true,
          "defaultViewport": true,
          "height": 0,
          "viewportBottom": 1,
          "viewportLeft": 0,
          "viewportRight": 1,
          "viewportTop": 0,
          "width": 0
        }
      ],
      "effects": []
    },
    {
      "ambientLightColorB": 200,
      "ambientLightColorG": 200,
      "ambientLightColorR": 200,
      "camera3DFarPlaneDistance": 10000,
      "camera3DFieldOfView": 45,
      "camera3DNearPlaneDistance": 0.1,
      "followBaseLayerCamera": false,
      "isLightingLayer": false,
      "isLocked": true,
      "name": "Health",
      "renderingType": "",
      "visibility": true,
      "cameras": [],
      "effects": []
    }
  ],
  "behaviorsSharedData": [
    {
      "name": "Animation",
      "type": "AnimatableCapability::AnimatableBehavior"
    },
    {
      "name": "Effect",
      "type": "EffectCapability::EffectBehavior"
    },
    {
      "name": "FireBullet",
      "type": "FireBullet::FireBullet"
    },
    {
      "name": "Flippable",
      "type": "FlippableCapability::FlippableBehavior"
    },
    {
      "name": "Health",
      "type": "Health::Health"
    },
    {
      "name": "Opacity",
      "type": "OpacityCapability::OpacityBehavior"
    },
    {
      "name": "PathfindingObstacle",
      "type": "PathfindingBehavior::PathfindingObstacleBehavior"
    },
    {
      "name": "Platform",
      "type": "PlatformBehavior::PlatformBehavior"
    },
    {
      "name": "PlatformerObject",
      "type": "PlatformBehavior::PlatformerObjectBehavior"
    },
    {
      "name": "RemapForPlatformer",
      "type": "BehaviorRemapper::RemapForPlatformer"
    },
    {
      "name": "Resizable",
      "type": "ResizableCapability::ResizableBehavior"
    },
    {
      "name": "Scale",
      "type": "ScalableCapability::ScalableBehavior"
    },
    {
      "name": "Text",
      "type": "TextContainerCapability::TextContainerBehavior"
    },
    {
      "name": "ThreeDFlip",
      "type": "ThreeDFlip::ThreeDFlip"
    }
  ]
}